{
	"credit": "Made with Blockbench",
	"ambientocclusion": false,
	"textures": {
		"1": "block/3dmodel/weapon_2",
		"particle": "block/3dmodel/weapon_2"
	},
	"elements": [
		{
			"name": "handgrip",
			"from": [7.35, 1.1, 7.35],
			"to": [8.65, 8.4, 8.65],
			"faces": {
				"north": {"uv": [2.5, 1.5, 4.3, 13.8], "texture": "#1"},
				"east": {"uv": [2.5, 1.5, 4.3, 13.8], "texture": "#1"},
				"south": {"uv": [2.5, 1.5, 4.3, 13.8], "texture": "#1"},
				"west": {"uv": [2.5, 1.5, 4.3, 13.8], "texture": "#1"}
			}
		},
		{
			"name": "handgrip",
			"from": [7.1, 0.6, 7.1],
			"to": [8.9, 1.4, 8.9],
			"rotation": {"angle": 0, "axis": "y", "origin": [8, 8.5, 8]},
			"faces": {
				"north": {"uv": [2, 12, 5, 14], "texture": "#1"},
				"east": {"uv": [2, 12, 5, 14], "texture": "#1"},
				"south": {"uv": [2, 12, 5, 14], "texture": "#1"},
				"west": {"uv": [2, 12, 5, 14], "texture": "#1"},
				"up": {"uv": [9.5, 2, 12.5, 5], "texture": "#1"},
				"down": {"uv": [9.5, 2, 12.5, 5], "texture": "#1"}
			}
		},
		{
			"name": "head",
			"from": [6.95, 15.3, 6.95],
			"to": [9.05, 15.8, 9.05],
			"rotation": {"angle": 0, "axis": "y", "origin": [8.2, 8, 7.75]},
			"faces": {
				"north": {"uv": [1, 0, 5.998, 1.999], "texture": "#1"},
				"east": {"uv": [1, 0, 5.998, 1.999], "texture": "#1"},
				"south": {"uv": [1, 0, 5.998, 1.999], "texture": "#1"},
				"west": {"uv": [1, 0, 5.998, 1.999], "texture": "#1"},
				"up": {"uv": [7.5, 0.5, 13.498, 5.999], "texture": "#1"}
			}
		},
		{
			"name": "head",
			"from": [6.95, 7.2, 6.95],
			"to": [9.05, 8.7, 9.05],
			"rotation": {"angle": 0, "axis": "x", "origin": [8.2, 16, 8.25]},
			"faces": {
				"north": {"uv": [1, 3, 5.998, 7.499], "rotation": 180, "texture": "#1"},
				"east": {"uv": [1, 3, 5.998, 7.499], "rotation": 180, "texture": "#1"},
				"south": {"uv": [1, 3, 5.998, 7.499], "rotation": 180, "texture": "#1"},
				"west": {"uv": [1, 3, 5.998, 7.499], "rotation": 180, "texture": "#1"},
				"down": {"uv": [7.5, 0.5, 13.498, 5.999], "texture": "#1"}
			}
		},
		{
			"name": "head",
			"from": [7.15, 5.4, 7.15],
			"to": [8.85, 7.5, 8.85],
			"rotation": {"angle": 0, "axis": "x", "origin": [8.2, 16, 8.25]},
			"faces": {
				"north": {"uv": [1, 3, 5.998, 7.499], "rotation": 180, "texture": "#1"},
				"east": {"uv": [1, 3, 5.998, 7.499], "rotation": 180, "texture": "#1"},
				"south": {"uv": [1, 3, 5.998, 7.499], "rotation": 180, "texture": "#1"},
				"west": {"uv": [1, 3, 5.998, 7.499], "rotation": 180, "texture": "#1"},
				"down": {"uv": [7.5, 0.5, 13.498, 5.999], "texture": "#1"}
			}
		},
		{
			"name": "head",
			"from": [6.875, 8.5, 6.625],
			"to": [9.125, 15.5, 9.375],
			"rotation": {"angle": 0, "axis": "y", "origin": [7.975, 8, 8.125]},
			"faces": {
				"north": {"uv": [1, 0, 5.999, 13], "texture": "#1"},
				"east": {"uv": [1, 0, 5.999, 13], "texture": "#1"},
				"south": {"uv": [1, 0, 5.999, 13], "texture": "#1"},
				"west": {"uv": [1, 0, 5.999, 13], "texture": "#1"},
				"up": {"uv": [7, 0, 14, 6.5], "texture": "#1"},
				"down": {"uv": [7, 0, 14, 6.5], "texture": "#1"}
			}
		},
		{
			"name": "head",
			"from": [6.625, 8.501, 6.875],
			"to": [9.375, 15.501, 9.125],
			"rotation": {"angle": 0, "axis": "y", "origin": [8.125, 8, 8.025]},
			"faces": {
				"north": {"uv": [1, 0, 5.999, 13], "texture": "#1"},
				"east": {"uv": [1, 0, 5.999, 13], "texture": "#1"},
				"south": {"uv": [1, 0, 5.999, 13], "texture": "#1"},
				"west": {"uv": [1, 0, 5.999, 13], "texture": "#1"},
				"up": {"uv": [7, 0, 14, 6.5], "texture": "#1"},
				"down": {"uv": [7, 0, 14, 6.5], "texture": "#1"}
			}
		}
	],
	"display": {
		"thirdperson_righthand": {
			"rotation": [-10, 0, 0],
			"translation": [0, 2.25, 0.5],
			"scale": [1, 1.1, 1]
		},
		"firstperson_righthand": {
			"rotation": [7, -7, -10],
			"translation": [0.13, 4.05, 1.88],
			"scale": [0.65, 0.75, 0.65]
		},
		"ground": {
			"translation": [0, 5, 0],
			"scale": [0.6, 0.6, 0.6]
		},
		"gui": {
			"rotation": [0, 0, 315],
			"translation": [0, -0.75, 0],
			"scale": [1.2, 1.2, 1.2]
		},
		"head": {
			"rotation": [0, 180, 0],
			"translation": [0, 13, 7]
		},
		"fixed": {
			"rotation": [0, 180, 315],
			"translation": [0, 0, -1.25],
			"scale": [1.5, 1.5, 1.5]
		}
	}
}