{
	"credit": "Made with Blockbench",
	"textures": {
		"0": "block/3dmodel/woodx32_1",
		"1": "block/3dmodel/weapon_iron_1",
		"2": "block/polished_andesite"
	},
	"elements": [
		{
			"name": "blade",
			"from": [7.6, 7.7, 7.2],
			"to": [8.4, 16.7, 8.8],
			"rotation": {"angle": 0, "axis": "y", "origin": [8, 12.2, 8]},
			"faces": {
				"north": {"uv": [1, 7.5, 14.5, 8.5], "rotation": 270, "texture": "#1"},
				"east": {"uv": [1, 7.5, 14.5, 10.5], "rotation": 270, "texture": "#1"},
				"south": {"uv": [1, 7.5, 14.5, 8.5], "rotation": 270, "texture": "#1"},
				"west": {"uv": [1, 7.5, 14.5, 10.5], "rotation": 270, "texture": "#1"},
				"up": {"uv": [4.5, 9.5, 9.5, 11.5], "rotation": 270, "texture": "#1"}
			}
		},
		{
			"name": "blade",
			"from": [7.8, 7.7, 7],
			"to": [8.2, 13.2, 9],
			"rotation": {"angle": 0, "axis": "y", "origin": [8, 8, 7]},
			"faces": {
				"north": {"uv": [1, 7.5, 14.5, 8.5], "rotation": 270, "texture": "#1"},
				"east": {"uv": [1, 7.5, 14.5, 8.5], "rotation": 270, "texture": "#1"},
				"south": {"uv": [1, 7.5, 14.5, 8.5], "rotation": 270, "texture": "#1"},
				"west": {"uv": [1, 7.5, 14.5, 8.5], "rotation": 270, "texture": "#1"},
				"up": {"uv": [4.5, 9.5, 9.5, 11.5], "rotation": 270, "texture": "#1"}
			}
		},
		{
			"name": "blade",
			"from": [7.61, 16.16566, 7.46],
			"to": [8.39, 17.29566, 8.54],
			"rotation": {"angle": -45, "axis": "x", "origin": [8, 16.73066, 8]},
			"faces": {
				"north": {"uv": [4.5, 9.5, 9.5, 11.5], "rotation": 270, "texture": "#1"},
				"east": {"uv": [4, 7.5, 14.5, 10.5], "rotation": 270, "texture": "#1"},
				"south": {"uv": [4.5, 9.5, 9.5, 11.5], "rotation": 270, "texture": "#1"},
				"west": {"uv": [4, 7.5, 14.5, 10.5], "rotation": 270, "texture": "#1"},
				"up": {"uv": [4.5, 9.5, 9.5, 11.5], "rotation": 270, "texture": "#1"},
				"down": {"uv": [0, 0, 0.8, 4], "texture": "#2"}
			}
		},
		{
			"name": "blade",
			"from": [7.5, 7.6, 7.6],
			"to": [8.5, 15.8, 8.4],
			"rotation": {"angle": 0, "axis": "y", "origin": [8, 11.7, 8]},
			"faces": {
				"north": {"uv": [2.5, 4, 13.5, 5.5], "rotation": 270, "texture": "#1"},
				"east": {"uv": [2, 4, 13, 5.5], "rotation": 270, "texture": "#1"},
				"south": {"uv": [2.5, 4, 13.5, 5.5], "rotation": 270, "texture": "#1"},
				"west": {"uv": [2, 4, 13, 5.5], "rotation": 270, "texture": "#1"},
				"up": {"uv": [4.5, 9.5, 9.5, 11.5], "rotation": 270, "texture": "#1"}
			}
		},
		{
			"name": "handgrip",
			"from": [7.2, 2, 7.2],
			"to": [8.8, 7, 8.8],
			"rotation": {"angle": 0, "axis": "y", "origin": [8, 8, 7]},
			"faces": {
				"north": {"uv": [5.5, 1, 7.1, 6], "texture": "#0"},
				"east": {"uv": [5.5, 1, 7.1, 6], "texture": "#0"},
				"south": {"uv": [5.5, 1, 7.1, 6], "texture": "#0"},
				"west": {"uv": [5.5, 1, 7.1, 6], "texture": "#0"}
			}
		},
		{
			"name": "handgrip",
			"from": [7, 7, 6.8],
			"to": [9, 7.4, 9.2],
			"rotation": {"angle": 0, "axis": "y", "origin": [8, 8, 7]},
			"faces": {
				"north": {"uv": [0, 0, 2.4, 0.4], "texture": "#0"},
				"east": {"uv": [0, 0, 2.4, 0.4], "texture": "#0"},
				"south": {"uv": [0, 0, 2.4, 0.4], "texture": "#0"},
				"west": {"uv": [0, 0, 2.4, 0.4], "texture": "#0"},
				"up": {"uv": [0, 0, 2, 2.4], "texture": "#0"},
				"down": {"uv": [0, 0, 2, 2.4], "texture": "#0"}
			}
		},
		{
			"name": "handgrip",
			"from": [7.2, 7.4, 6.5],
			"to": [8.8, 7.8, 9.5],
			"rotation": {"angle": 0, "axis": "y", "origin": [8, 8, 7.1]},
			"faces": {
				"north": {"uv": [0, 0, 1.6, 0.4], "texture": "#1"},
				"east": {"uv": [0, 0, 3, 0.4], "texture": "#1"},
				"south": {"uv": [0, 0, 1.6, 0.4], "texture": "#1"},
				"west": {"uv": [0, 0, 3, 0.4], "texture": "#1"},
				"up": {"uv": [3.5, 4, 5.6, 5.5], "texture": "#1"},
				"down": {"uv": [3.5, 4, 5.6, 5.5], "texture": "#1"}
			}
		},
		{
			"name": "handgrip",
			"from": [7, 0.8, 7],
			"to": [9, 2.2, 9],
			"rotation": {"angle": 0, "axis": "y", "origin": [8, 8, 7]},
			"faces": {
				"north": {"uv": [3.5, 4, 5.6, 5.5], "texture": "#1"},
				"east": {"uv": [3.5, 4, 5.6, 5.5], "texture": "#1"},
				"south": {"uv": [3.5, 4, 5.6, 5.5], "texture": "#1"},
				"west": {"uv": [3.5, 4, 5.6, 5.5], "texture": "#1"},
				"up": {"uv": [3.5, 4, 5.6, 5.5], "texture": "#1"},
				"down": {"uv": [3.5, 4, 5.6, 5.5], "texture": "#1"}
			}
		}
	],
	"display": {
		"thirdperson_righthand": {
			"rotation": [-9, -17, 0],
			"translation": [0, 1, 0.75],
			"scale": [0.8, 0.8, 0.8]
		},
		"firstperson_righthand": {
			"rotation": [-14, 15, 6],
			"translation": [6, 0.5, -4.75],
			"scale": [0.75, 0.9, 0.9]
		},
		"ground": {
			"translation": [0, 5, 0],
			"scale": [0.6, 0.6, 0.6]
		},
		"gui": {
			"rotation": [90, -135, 90],
			"translation": [-0.25, -1.5, 2],
			"scale": [1.1, 1.1, 1.1]
		},
		"fixed": {
			"rotation": [90, -45, 90],
			"translation": [1.5, -0.25, 0],
			"scale": [1.2, 1.2, 1.2]
		}
	}
}