{
	"credit": "Made with Blockbench",
	"ambientocclusion": false,
	"textures": {
		"1": "block/3dmodel/gun_details_1",
		"2": "block/polished_diorite",
		"3": "block/3dmodel/iron_4",
		"particle": "block/3dmodel/iron_4"
	},
	"elements": [
		{
			"from": [7.25, 0, 7.25],
			"to": [8.75, 24, 8.75],
			"rotation": {"angle": 0, "axis": "y", "origin": [15.75, 8, 15.75]},
			"faces": {
				"north": {"uv": [0, 6, 16, 7.5], "rotation": 90, "texture": "#3"},
				"east": {"uv": [0, 6, 16, 7.5], "rotation": 90, "texture": "#3"},
				"south": {"uv": [0, 6, 16, 7.5], "rotation": 90, "texture": "#3"},
				"west": {"uv": [0, 6, 16, 7.5], "rotation": 90, "texture": "#3"},
				"down": {"uv": [0.5, 0.5, 2.25, 2.25], "rotation": 90, "texture": "#1"}
			}
		},
		{
			"from": [7.27098, 23.27093, 3],
			"to": [8.77098, 24.77093, 8],
			"rotation": {"angle": 0, "axis": "x", "origin": [7.99302, 19.99999, 8.00699]},
			"faces": {
				"north": {"uv": [0.5, 0.5, 2.25, 2.25], "rotation": 270, "texture": "#1"},
				"east": {"uv": [0, 6, 5, 7.5], "texture": "#3"},
				"south": {"uv": [0.5, 0.5, 2.25, 2.25], "rotation": 90, "texture": "#1"},
				"west": {"uv": [0, 6, 5, 7.5], "rotation": 180, "texture": "#3"},
				"up": {"uv": [0, 6, 5, 7.5], "rotation": 270, "texture": "#3"},
				"down": {"uv": [0, 6, 5, 7.5], "rotation": 90, "texture": "#3"}
			}
		},
		{
			"from": [7.09869, 23.1231, 7.12843],
			"to": [8.89869, 24.9231, 8.92843],
			"rotation": {"angle": 0, "axis": "y", "origin": [15.5, 31.77223, 15.028]},
			"faces": {
				"north": {"uv": [12, 12, 13.5, 13.5], "texture": "#2"},
				"east": {"uv": [12, 12, 13.5, 13.5], "texture": "#2"},
				"south": {"uv": [12, 12, 13.5, 13.5], "texture": "#2"},
				"west": {"uv": [12, 12, 13.5, 13.5], "texture": "#2"},
				"up": {"uv": [12, 12, 13.5, 13.5], "texture": "#2"},
				"down": {"uv": [12, 12, 13.5, 13.5], "texture": "#2"}
			}
		}
	],
	"display": {
		"thirdperson_righthand": {
			"rotation": [-8, 0, 0],
			"translation": [0, -1, 1.5],
			"scale": [0.9, 0.9, 0.9]
		},
		"firstperson_righthand": {
			"rotation": [10, 8, -11],
			"translation": [1.88, 0.95, -1.62],
			"scale": [0.68, 0.68, 0.68]
		},
		"ground": {
			"translation": [0, 5, 0],
			"scale": [0.6, 0.6, 0.6]
		},
		"gui": {
			"rotation": [0, 0, 315],
			"translation": [-2.5, -2.25, 0],
			"scale": [0.9, 0.9, 0.9]
		},
		"head": {
			"rotation": [0, 180, 0],
			"translation": [0, 13, 7]
		},
		"fixed": {
			"rotation": [90, -40, 90],
			"translation": [2.75, -3.75, -1.5]
		}
	}
}