{
	"credit": "Made with Blockbench",
	"textures": {
		"0": "block/3dmodel/goldensword",
		"particle": "block/3dmodel/goldensword"
	},
	"elements": [
		{
			"name": "Element",
			"from": [8, 0, 7],
			"to": [9, 20, 11],
			"faces": {
				"north": {"uv": [0, 0, 1.5, 14.5], "texture": "#0"},
				"east": {"uv": [0, 0, 7, 14.5], "texture": "#0"},
				"south": {"uv": [0, 0, 1.5, 14.5], "texture": "#0"},
				"west": {"uv": [0, 0, 7, 14.5], "texture": "#0"},
				"up": {"uv": [0, 0, 1.5, 5], "texture": "#0"},
				"down": {"uv": [0, 0, 1.5, 5], "texture": "#0"}
			}
		},
		{
			"name": "Element",
			"from": [7.75, 18, 8.5],
			"to": [9.25, 19, 9.5],
			"rotation": {"angle": 0, "axis": "y", "origin": [8, 11, 8]},
			"faces": {
				"north": {"uv": [7, 0, 9, 2], "texture": "#0"},
				"east": {"uv": [7, 0, 9, 2], "texture": "#0"},
				"south": {"uv": [7, 0, 9, 2], "texture": "#0"},
				"west": {"uv": [7, 0, 9, 2], "texture": "#0"},
				"up": {"uv": [7, 0, 9, 2], "texture": "#0"},
				"down": {"uv": [7, 0, 9, 2], "texture": "#0"}
			}
		},
		{
			"name": "Element",
			"from": [7.75, 1, 8.5],
			"to": [9.25, 2, 9.5],
			"faces": {
				"north": {"uv": [7, 0, 9, 2], "texture": "#0"},
				"east": {"uv": [7, 0, 9, 2], "texture": "#0"},
				"south": {"uv": [7, 0, 9, 2], "texture": "#0"},
				"west": {"uv": [7, 0, 9, 2], "texture": "#0"},
				"up": {"uv": [7, 0, 9, 2], "texture": "#0"},
				"down": {"uv": [7, 0, 9, 2], "texture": "#0"}
			}
		}
	],
	"display": {
		"thirdperson_righthand": {
			"rotation": [-8, 0, 0],
			"translation": [0, 0.5, -1.25],
			"scale": [0.9, 0.9, 0.9]
		},
		"firstperson_righthand": {
			"rotation": [7, 180, 14],
			"translation": [2.25, 2.5, 0.25],
			"scale": [0.7, 0.75, 0.7]
		},
		"ground": {
			"translation": [0, 5, 0],
			"scale": [0.5, 0.5, 0.5]
		},
		"gui": {
			"rotation": [90, 225, 90],
			"translation": [-0.25, -2.75, 0]
		},
		"head": {
			"rotation": [0, 180, 0],
			"translation": [0, 13, 7]
		},
		"fixed": {
			"rotation": [90, 135, 90],
			"translation": [-3, 0.5, -1.5],
			"scale": [1.2, 1.2, 1.2]
		}
	}
}