{
	"credit": "Made with Blockbench",
	"ambientocclusion": false,
	"textures": {
		"2": "block/3dmodel/weapon_1",
		"3": "block/3dmodel/iron_4",
		"particle": "block/3dmodel/weapon_1"
	},
	"elements": [
		{
			"name": "handgrip",
			"from": [7.25, 16.5, 7.25],
			"to": [8.75, 19.5, 8.75],
			"rotation": {"angle": 0, "axis": "y", "origin": [8, 21, 8]},
			"faces": {
				"north": {"uv": [13.5, 5, 15, 8], "texture": "#3"},
				"east": {"uv": [13.5, 5, 15, 8], "texture": "#3"},
				"south": {"uv": [13.5, 5, 15, 8], "texture": "#3"},
				"west": {"uv": [13.5, 5, 15, 8], "texture": "#3"},
				"up": {"uv": [11.5, 2, 13, 3.5], "texture": "#3"},
				"down": {"uv": [13, 6, 14.5, 7.5], "texture": "#3"}
			}
		},
		{
			"name": "handgrip",
			"from": [7.25, 2.5, 7.25],
			"to": [8.75, 5.5, 8.75],
			"rotation": {"angle": 0, "axis": "y", "origin": [8, 7, 8]},
			"faces": {
				"north": {"uv": [13.5, 5, 15, 8], "texture": "#3"},
				"east": {"uv": [13.5, 5, 15, 8], "texture": "#3"},
				"south": {"uv": [13.5, 5, 15, 8], "texture": "#3"},
				"west": {"uv": [13.5, 5, 15, 8], "texture": "#3"},
				"up": {"uv": [11.5, 2, 13, 3.5], "texture": "#3"},
				"down": {"uv": [13, 6, 14.5, 7.5], "texture": "#3"}
			}
		},
		{
			"name": "handgrip",
			"from": [7.55, -0.59542, 8.4959],
			"to": [8.45, 2.55458, 9.1459],
			"rotation": {"angle": 45, "axis": "x", "origin": [8, 4.35458, 8.9459]},
			"faces": {
				"north": {"uv": [13.5, 5, 15, 8], "texture": "#3"},
				"east": {"uv": [13.5, 5, 15, 8], "texture": "#3"},
				"south": {"uv": [13.5, 5, 15, 8], "texture": "#3"},
				"west": {"uv": [13.5, 5, 15, 8], "texture": "#3"},
				"down": {"uv": [13, 6, 14.25, 7.5], "rotation": 270, "texture": "#3"}
			}
		},
		{
			"name": "handgrip",
			"from": [7.50043, 0.71298, 5.58714],
			"to": [8.49957, 1.1726, 10.41286],
			"rotation": {"angle": 0, "axis": "x", "origin": [8.04957, 1.22354, 3.32744]},
			"faces": {
				"north": {"uv": [8, 5, 9.05962, 6.59914], "rotation": 270, "texture": "#3"},
				"east": {"uv": [8, 5, 9.059, 10.425], "rotation": 270, "texture": "#3"},
				"south": {"uv": [8, 5, 9.05962, 6.59914], "rotation": 270, "texture": "#3"},
				"west": {"uv": [8, 5, 9.059, 10.425], "rotation": 270, "texture": "#3"},
				"up": {"uv": [8, 5, 9.059, 10.425], "texture": "#3"},
				"down": {"uv": [8, 5, 9.059, 10.425], "rotation": 180, "texture": "#3"}
			}
		},
		{
			"name": "handgrip",
			"from": [7.55, -0.59542, 6.8541],
			"to": [8.45, 2.55458, 7.5041],
			"rotation": {"angle": -45, "axis": "x", "origin": [8, 4.35458, 7.0541]},
			"faces": {
				"north": {"uv": [15, 5, 13.5, 8], "texture": "#3"},
				"east": {"uv": [15, 5, 13.5, 8], "texture": "#3"},
				"south": {"uv": [15, 5, 13.5, 8], "texture": "#3"},
				"west": {"uv": [15, 5, 13.5, 8], "texture": "#3"},
				"down": {"uv": [13, 6, 14.25, 7.5], "rotation": 270, "texture": "#3"}
			}
		},
		{
			"name": "head",
			"from": [8.08019, 18, 6.5],
			"to": [8.58019, 24.75, 9.5],
			"rotation": {"angle": 0, "axis": "y", "origin": [7.58019, 14, 8]},
			"faces": {
				"north": {"uv": [7, 7, 7.5, 13.75], "texture": "#3"},
				"east": {"uv": [6.5, 6.25, 10, 13.249], "texture": "#3"},
				"south": {"uv": [7, 7, 7.5, 13.75], "texture": "#3"},
				"west": {"uv": [6.5, 6.25, 10, 13.249], "texture": "#3"},
				"up": {"uv": [8.5, 9.5, 9, 12.5], "texture": "#3"},
				"down": {"uv": [7, 7, 10.5, 10], "texture": "#3"}
			}
		},
		{
			"name": "head",
			"from": [7.5849, 17.99652, 5.49773],
			"to": [8.0849, 23.99652, 6.99773],
			"rotation": {"angle": 22.5, "axis": "y", "origin": [7.0849, 13.99652, 5.49773]},
			"faces": {
				"north": {"uv": [8, 7, 8.499, 13], "texture": "#3"},
				"east": {"uv": [7, 7, 8.5, 13], "texture": "#3"},
				"south": {"uv": [7, 7, 10.5, 14.5], "texture": "#3"},
				"west": {"uv": [7, 7, 8.5, 13], "texture": "#3"},
				"up": {"uv": [8.5, 10, 9, 11.5], "texture": "#3"},
				"down": {"uv": [7, 7, 10.5, 10], "texture": "#3"}
			}
		},
		{
			"name": "head",
			"from": [7.5849, 23.99652, 5.99773],
			"to": [8.0849, 24.49652, 6.99773],
			"rotation": {"angle": 22.5, "axis": "y", "origin": [7.0849, 14.49652, 5.49773]},
			"faces": {
				"north": {"uv": [7, 7, 7.5, 7.5], "texture": "#3"},
				"east": {"uv": [7, 7, 8, 7.5], "texture": "#3"},
				"south": {"uv": [7, 7, 10.5, 14.5], "texture": "#3"},
				"west": {"uv": [7, 7, 8, 7.5], "texture": "#3"},
				"up": {"uv": [8.5, 10, 9, 11], "texture": "#3"},
				"down": {"uv": [7, 7, 10.5, 10], "texture": "#3"}
			}
		},
		{
			"name": "head",
			"from": [7.5849, 17.99652, 9.00227],
			"to": [8.0849, 23.99652, 10.50227],
			"rotation": {"angle": -22.5, "axis": "y", "origin": [7.0849, 13.99652, 10.50227]},
			"faces": {
				"north": {"uv": [10.5, 7, 7, 14.5], "texture": "#3"},
				"east": {"uv": [7, 7, 8.5, 13], "texture": "#3"},
				"south": {"uv": [8, 7, 8.499, 13], "texture": "#3"},
				"west": {"uv": [7, 7, 8.5, 13], "texture": "#3"},
				"up": {"uv": [8.5, 10, 9, 11.5], "texture": "#3"},
				"down": {"uv": [7, 10, 10.5, 7], "texture": "#3"}
			}
		},
		{
			"name": "head",
			"from": [7.5849, 23.99652, 9.00227],
			"to": [8.0849, 24.49652, 10.00227],
			"rotation": {"angle": -22.5, "axis": "y", "origin": [7.0849, 14.49652, 10.50227]},
			"faces": {
				"north": {"uv": [10.5, 7, 7, 14.5], "texture": "#3"},
				"east": {"uv": [7, 7, 8, 7.5], "texture": "#3"},
				"south": {"uv": [7, 7, 7.5, 7.5], "texture": "#3"},
				"west": {"uv": [7, 7, 8, 7.5], "texture": "#3"},
				"up": {"uv": [8.5, 10, 9, 11], "texture": "#3"},
				"down": {"uv": [7, 10, 10.5, 7], "texture": "#3"}
			}
		},
		{
			"name": "stick",
			"from": [7.4, 5.1, 7.4],
			"to": [8.6, 17.3, 8.6],
			"faces": {
				"north": {"uv": [0.5, 1, 2, 13], "texture": "#2"},
				"east": {"uv": [0.5, 1, 2, 13], "texture": "#2"},
				"south": {"uv": [0.5, 1, 2, 13], "texture": "#2"},
				"west": {"uv": [0.5, 1, 2, 13], "texture": "#2"}
			}
		}
	],
	"display": {
		"thirdperson_righthand": {
			"rotation": [-8, 0, 0],
			"translation": [0, -1.25, 0.75],
			"scale": [0.9, 0.9, 0.9]
		},
		"firstperson_righthand": {
			"rotation": [5, 4, -12],
			"translation": [1, 1, -0.5],
			"scale": [0.7, 0.7, 0.59]
		},
		"ground": {
			"translation": [0, 5, 0],
			"scale": [0.6, 0.6, 0.6]
		},
		"gui": {
			"rotation": [90, 45, -90],
			"translation": [-1.75, -3, -19],
			"scale": [0.8, 0.8, 0.85]
		},
		"head": {
			"rotation": [0, 180, 0],
			"translation": [0, 13, 7]
		},
		"fixed": {
			"rotation": [-90, -135, -90],
			"translation": [3.25, -3, -1.25]
		}
	}
}