{
	"credit": "Made with Blockbench",
	"textures": {
		"1": "block/3dmodel/iron_4"
	},
	"elements": [
		{
			"from": [7.5, 0.5, 7.5],
			"to": [8.5, 14.5, 8.5],
			"rotation": {"angle": 0, "axis": "y", "origin": [15.5, 15.5, 15.5]},
			"faces": {
				"north": {"uv": [7, 0, 8, 14], "texture": "#1"},
				"east": {"uv": [7, 0, 8, 14], "texture": "#1"},
				"south": {"uv": [7, 0, 8, 14], "texture": "#1"},
				"west": {"uv": [7, 0, 8, 14], "texture": "#1"},
				"up": {"uv": [7, 0, 8, 1], "texture": "#1"},
				"down": {"uv": [7, 0, 8, 1], "texture": "#1"}
			}
		},
		{
			"from": [7.6, 14.35, 7.6],
			"to": [8.4, 18.15, 8.4],
			"rotation": {"angle": 0, "axis": "y", "origin": [15.5, 15.5, 15.5]},
			"faces": {
				"north": {"uv": [7.5, 0, 8.3, 3.8], "texture": "#1"},
				"east": {"uv": [7.5, 0, 8.3, 3.8], "texture": "#1"},
				"south": {"uv": [7.5, 0, 8.3, 3.8], "texture": "#1"},
				"west": {"uv": [7.5, 0, 8.3, 3.8], "texture": "#1"},
				"up": {"uv": [7, 0, 8, 1], "texture": "#1"}
			}
		},
		{
			"from": [7.7, 17.45, 7.7],
			"to": [8.3, 21.05, 8.3],
			"rotation": {"angle": 0, "axis": "y", "origin": [15.5, 15.5, 15.5]},
			"faces": {
				"north": {"uv": [7.75, 0, 8.35, 3.6], "texture": "#1"},
				"east": {"uv": [7.75, 0, 8.35, 3.6], "texture": "#1"},
				"south": {"uv": [7.75, 0, 8.35, 3.6], "texture": "#1"},
				"west": {"uv": [7.75, 0, 8.35, 3.6], "texture": "#1"},
				"up": {"uv": [7, 0, 8, 1], "texture": "#1"}
			}
		},
		{
			"from": [7.25, -0.5, 3.25],
			"to": [8.25, 0.5, 8.25],
			"rotation": {"angle": 0, "axis": "y", "origin": [15.5, 8, 15.5]},
			"faces": {
				"north": {"uv": [7, 0, 8, 1], "texture": "#1"},
				"east": {"uv": [4.75, 0, 9.75, 1], "texture": "#1"},
				"south": {"uv": [7, 0, 8, 1], "texture": "#1"},
				"west": {"uv": [4.75, 0, 9.75, 1], "texture": "#1"},
				"up": {"uv": [4.75, 0, 9.75, 1], "rotation": 90, "texture": "#1"},
				"down": {"uv": [4.75, 0, 9.75, 1], "rotation": 90, "texture": "#1"}
			}
		},
		{
			"from": [6.75, 7.5, 3.25],
			"to": [7.75, 8.5, 10.5],
			"rotation": {"angle": 0, "axis": "y", "origin": [15.5, 8, 15.5]},
			"faces": {
				"north": {"uv": [7.5, 6.5, 8.5, 7.5], "texture": "#1"},
				"east": {"uv": [4.5, 6.25, 11.75, 7.25], "texture": "#1"},
				"south": {"uv": [7.5, 6.5, 8.5, 7.5], "texture": "#1"},
				"west": {"uv": [4.5, 6.25, 11.75, 7.25], "texture": "#1"},
				"up": {"uv": [4.5, 6.25, 11.75, 7.25], "rotation": 90, "texture": "#1"},
				"down": {"uv": [4.5, 6.25, 11.75, 7.25], "rotation": 90, "texture": "#1"}
			}
		},
		{
			"from": [7, 0.5, 2.75],
			"to": [8, 7.5, 3.75],
			"rotation": {"angle": 0, "axis": "y", "origin": [15.5, 8, 15.5]},
			"faces": {
				"north": {"uv": [7.75, 0, 8.75, 7], "texture": "#1"},
				"east": {"uv": [7.75, 0, 8.75, 7], "texture": "#1"},
				"south": {"uv": [7.75, 0, 8.75, 7], "texture": "#1"},
				"west": {"uv": [7.75, 0, 8.75, 7], "texture": "#1"},
				"up": {"uv": [7, 0, 8, 1], "texture": "#1"},
				"down": {"uv": [7, 0, 8, 1], "texture": "#1"}
			}
		},
		{
			"from": [7.35, -0.25607, 1.5035],
			"to": [8.1, 0.85915, 1.94733],
			"rotation": {"angle": -22.5, "axis": "x", "origin": [7.62214, 4.01246, 2.99043]},
			"faces": {
				"north": {"uv": [7.25, 0, 8.365, 0.444], "rotation": 90, "texture": "#1"},
				"east": {"uv": [7.25, 0, 8.365, 0.444], "rotation": 90, "texture": "#1"},
				"south": {"uv": [7.25, 0, 8.365, 0.444], "rotation": 90, "texture": "#1"},
				"west": {"uv": [7.25, 0, 8.365, 0.444], "rotation": 90, "texture": "#1"},
				"up": {"uv": [7.25, 0, 8.365, 0.444], "rotation": 90, "texture": "#1"},
				"down": {"uv": [7.25, 0, 8.365, 0.444], "rotation": 90, "texture": "#1"}
			}
		},
		{
			"from": [6.8, 3.98338, 7.91555],
			"to": [7.7, 5.5986, 8.60939],
			"rotation": {"angle": -22.5, "axis": "x", "origin": [8.68608, 11.79862, 2.25687]},
			"faces": {
				"north": {"uv": [7.25, 7.5, 8.86522, 8.4], "rotation": 90, "texture": "#1"},
				"east": {"uv": [7.25, 7.5, 8.86522, 8.4], "rotation": 90, "texture": "#1"},
				"south": {"uv": [7.25, 7.5, 8.86522, 8.4], "rotation": 90, "texture": "#1"},
				"west": {"uv": [7.25, 7.5, 8.86522, 8.4], "rotation": 90, "texture": "#1"},
				"up": {"uv": [7.75, 7, 8.444, 7.9], "rotation": 90, "texture": "#1"},
				"down": {"uv": [7.75, 7, 8.444, 7.9], "rotation": 90, "texture": "#1"}
			}
		},
		{
			"from": [6.85098, 8.12908, 4.4997],
			"to": [7.60098, 9.2443, 4.94353],
			"rotation": {"angle": 22.5, "axis": "x", "origin": [7.02486, 12.01341, 2.00173]},
			"faces": {
				"north": {"uv": [7.25, 0, 8.365, 0.444], "rotation": 90, "texture": "#1"},
				"east": {"uv": [7.25, 0, 8.365, 0.444], "rotation": 90, "texture": "#1"},
				"south": {"uv": [7.25, 0, 8.365, 0.444], "rotation": 90, "texture": "#1"},
				"west": {"uv": [7.25, 0, 8.365, 0.444], "rotation": 90, "texture": "#1"},
				"up": {"uv": [7.25, 0, 8.365, 0.444], "rotation": 90, "texture": "#1"},
				"down": {"uv": [7.25, 0, 8.365, 0.444], "rotation": 90, "texture": "#1"}
			}
		}
	],
	"display": {
		"thirdperson_righthand": {
			"rotation": [-9, -17, 0],
			"translation": [0.5, 1, 1.25],
			"scale": [0.65, 0.65, 0.6]
		},
		"firstperson_righthand": {
			"rotation": [-10, -17, -1],
			"translation": [7, 0, -5.75],
			"scale": [0.75, 0.9, 0.9]
		},
		"ground": {
			"translation": [0, 8, 0],
			"scale": [0.6, 0.6, 0.6]
		},
		"gui": {
			"rotation": [90, -137, 90],
			"translation": [-1.25, 0.25, 2],
			"scale": [0.85, 0.85, 0.8]
		},
		"fixed": {
			"rotation": [90, -45, 90],
			"translation": [0.5, -1.5, 0],
			"scale": [0.9, 0.9, 0.9]
		}
	}
}