{
	"credit": "Made with Blockbench",
	"ambientocclusion": false,
	"textures": {
		"1": "block/3dmodel/sandbag1",
		"particle": "blocks/3dmodel/sandbag1"
	},
	"elements": [
		{
			"from": [7, 4, -2.5],
			"to": [12, 8, 7.5],
			"faces": {
				"north": {"uv": [0, 2, 4, 6], "texture": "#1"},
				"east": {"uv": [0, 6, 10, 10], "texture": "#1"},
				"south": {"uv": [0, 2, 4, 6], "texture": "#1"},
				"west": {"uv": [0, 6, 10, 10], "texture": "#1"},
				"up": {"uv": [0, 6, 10, 10], "rotation": 90, "texture": "#1"},
				"down": {"uv": [0, 6, 10, 10], "rotation": 90, "texture": "#1"}
			}
		},
		{
			"from": [4.25, 3.75, 8.5],
			"to": [9.25, 7.75, 18.5],
			"faces": {
				"north": {"uv": [0, 2, 4, 6], "texture": "#1"},
				"east": {"uv": [0, 6, 10, 10], "texture": "#1"},
				"south": {"uv": [0, 2, 4, 6], "texture": "#1"},
				"west": {"uv": [0, 6, 10, 10], "texture": "#1"},
				"up": {"uv": [0, 6, 10, 10], "rotation": 90, "texture": "#1"},
				"down": {"uv": [0, 6, 10, 10], "rotation": 90, "texture": "#1"}
			}
		},
		{
			"from": [6, 8, -0.25],
			"to": [11, 12, 12.75],
			"faces": {
				"north": {"uv": [0, 2, 4, 6], "texture": "#1"},
				"east": {"uv": [0, 6, 10, 10], "texture": "#1"},
				"south": {"uv": [0, 2, 4, 6], "texture": "#1"},
				"west": {"uv": [0, 6, 10, 10], "texture": "#1"},
				"up": {"uv": [0, 6, 10, 10], "rotation": 90, "texture": "#1"},
				"down": {"uv": [0, 6, 10, 10], "rotation": 90, "texture": "#1"}
			}
		},
		{
			"from": [8, 7.5, 10],
			"to": [13, 11.5, 23],
			"faces": {
				"north": {"uv": [0, 2, 4, 6], "texture": "#1"},
				"east": {"uv": [0, 6, 10, 10], "texture": "#1"},
				"south": {"uv": [0, 2, 4, 6], "texture": "#1"},
				"west": {"uv": [0, 6, 10, 10], "texture": "#1"},
				"up": {"uv": [0, 6, 10, 10], "rotation": 90, "texture": "#1"},
				"down": {"uv": [0, 6, 10, 10], "rotation": 90, "texture": "#1"}
			}
		},
		{
			"from": [6, -0.25, 10],
			"to": [11, 3.75, 21],
			"faces": {
				"north": {"uv": [0, 2, 4, 6], "texture": "#1"},
				"east": {"uv": [0, 6, 10, 10], "texture": "#1"},
				"south": {"uv": [0, 2, 4, 6], "texture": "#1"},
				"west": {"uv": [0, 6, 10, 10], "texture": "#1"},
				"up": {"uv": [0, 6, 10, 10], "rotation": 90, "texture": "#1"},
				"down": {"uv": [0, 6, 10, 10], "rotation": 90, "texture": "#1"}
			}
		},
		{
			"from": [4.25, -0.5, -0.5],
			"to": [8.25, 4, 10.5],
			"faces": {
				"north": {"uv": [0, 2, 4, 6], "texture": "#1"},
				"east": {"uv": [0, 6, 10, 10], "texture": "#1"},
				"south": {"uv": [0, 2, 4, 6], "texture": "#1"},
				"west": {"uv": [0, 6, 10, 10], "texture": "#1"},
				"up": {"uv": [0, 6, 10, 10], "rotation": 90, "texture": "#1"},
				"down": {"uv": [0, 6, 10, 10], "rotation": 90, "texture": "#1"}
			}
		},
		{
			"from": [7, 11.5, 6],
			"to": [12, 15, 17],
			"faces": {
				"north": {"uv": [0, 2, 4, 6], "texture": "#1"},
				"east": {"uv": [0, 6, 10, 10], "texture": "#1"},
				"south": {"uv": [0, 2, 4, 6], "texture": "#1"},
				"west": {"uv": [0, 6, 10, 10], "texture": "#1"},
				"up": {"uv": [0, 6, 10, 10], "rotation": 90, "texture": "#1"},
				"down": {"uv": [2, 4, 7, 14], "rotation": 180, "texture": "#1"}
			}
		}
	]
}