{
	"credit": "Made with Blockbench",
	"ambientocclusion": false,
	"textures": {
		"1": "block/3dmodel/sandbag1",
		"particle": "block/3dmodel/sandbag1"
	},
	"elements": [
		{
			"from": [10, 0, 10],
			"to": [14.5, 4.4, 15.5],
			"rotation": {"angle": 0, "axis": "y", "origin": [8, 8, 7.5]},
			"faces": {
				"north": {"uv": [0, 2, 4, 6], "texture": "#1"},
				"east": {"uv": [0, 10, 4.5, 14], "texture": "#1"},
				"south": {"uv": [0, 2, 4, 6], "texture": "#1"},
				"west": {"uv": [5.5, 10, 10, 14], "texture": "#1"},
				"up": {"uv": [0, 10, 4.5, 14], "rotation": 270, "texture": "#1"},
				"down": {"uv": [5.5, 10, 10, 14], "rotation": 270, "texture": "#1"}
			}
		},
		{
			"from": [10, 0.05, 4.5],
			"to": [14.5, 4.45, 10],
			"faces": {
				"north": {"uv": [0, 2, 4, 6], "texture": "#1"},
				"east": {"uv": [5.5, 10, 10, 14], "texture": "#1"},
				"south": {"uv": [0, 2, 4, 6], "texture": "#1"},
				"west": {"uv": [0, 10, 4.5, 14], "texture": "#1"},
				"up": {"uv": [5.5, 10, 10, 14], "rotation": 270, "texture": "#1"},
				"down": {"uv": [0, 10, 4.5, 14], "rotation": 270, "texture": "#1"}
			}
		}
	]
}