{
  "credit": "Made_with_Blockbench",
  "parent": "block/block",
  "textures": {
    "1_2_3": "block/3dmodel/barricate",
    "particle": "block/3dmodel/barricate"
  },
  "elements": [
    {
      "name": "spike",
      "from": [
        -0.75,
        0.07612,
        5.5
      ],
      "to": [
        2.25,
        20.87612,
        6.5
      ],
      "rotation": {
        "angle": 0,
        "axis": "y",
        "origin": [
          3.25,
          8,
          5
        ]
      },
      "faces": {
        "north": {
          "uv": [
            1.875,
            4,
            0,
            16
          ],
          "texture": "#1_2_3"
        },
        "east": {
          "uv": [
            1.75,
            4,
            1.125,
            16
          ],
          "texture": "#1_2_3"
        },
        "south": {
          "uv": [
            1.875,
            4,
            0,
            16
          ],
          "texture": "#1_2_3"
        },
        "west": {
          "uv": [
            1.75,
            4,
            1.125,
            16
          ],
          "texture": "#1_2_3"
        },
        "up": {
          "uv": [
            1.875,
            0,
            0,
            2.25
          ],
          "texture": "#1_2_3"
        }
      }
    },
    {
      "name": "spike",
      "from": [
        -6.60343,
        20.46262,
        5.53
      ],
      "to": [
        -4.50343,
        22.56262,
        6.47
      ],
      "rotation": {
        "angle": -45,
        "axis": "z",
        "origin": [
          -3.17758,
          13.60366,
          6
        ]
      },
      "faces": {
        "north": {
          "uv": [
            6.125,
            1.625,
            4,
            3.875
          ],
          "rotation": 90,
          "texture": "#1_2_3"
        },
        "east": {
          "uv": [
            0,
            0,
            3.939,
            11.099
          ],
          "rotation": 90,
          "texture": "#particle"
        },
        "south": {
          "uv": [
            6.125,
            1.625,
            4,
            3.875
          ],
          "texture": "#1_2_3"
        },
        "west": {
          "uv": [
            0,
            0,
            4.938,
            7.098
          ],
          "texture": "#particle"
        },
        "up": {
          "uv": [
            0,
            0,
            4.938,
            7.098
          ],
          "rotation": 90,
          "texture": "#particle"
        },
        "down": {
          "uv": [
            0,
            0,
            3.939,
            11.099
          ],
          "rotation": 90,
          "texture": "#particle"
        }
      }
    },
    {
      "name": "spike",
      "from": [
        7.89657,
        20.46262,
        9.28
      ],
      "to": [
        9.99657,
        22.56262,
        10.22
      ],
      "rotation": {
        "angle": -45,
        "axis": "z",
        "origin": [
          11.32242,
          13.60366,
          9.75
        ]
      },
      "faces": {
        "north": {
          "uv": [
            6.125,
            1.625,
            4,
            3.875
          ],
          "rotation": 90,
          "texture": "#1_2_3"
        },
        "east": {
          "uv": [
            0,
            0,
            3.939,
            11.099
          ],
          "rotation": 90,
          "texture": "#particle"
        },
        "south": {
          "uv": [
            6.125,
            1.625,
            4,
            3.875
          ],
          "texture": "#1_2_3"
        },
        "west": {
          "uv": [
            0,
            0,
            4.938,
            7.098
          ],
          "texture": "#particle"
        },
        "up": {
          "uv": [
            0,
            0,
            4.938,
            7.098
          ],
          "rotation": 90,
          "texture": "#particle"
        },
        "down": {
          "uv": [
            0,
            0,
            3.939,
            11.099
          ],
          "rotation": 90,
          "texture": "#particle"
        }
      }
    },
    {
      "name": "spike",
      "from": [
        13.75,
        0.07612,
        9.25
      ],
      "to": [
        16.75,
        20.87612,
        10.25
      ],
      "rotation": {
        "angle": 0,
        "axis": "y",
        "origin": [
          12.75,
          8,
          8.75
        ]
      },
      "faces": {
        "north": {
          "uv": [
            1.875,
            4,
            0,
            16
          ],
          "texture": "#1_2_3"
        },
        "east": {
          "uv": [
            1.75,
            4,
            1.125,
            16
          ],
          "texture": "#1_2_3"
        },
        "south": {
          "uv": [
            1.875,
            4,
            0,
            16
          ],
          "texture": "#1_2_3"
        },
        "west": {
          "uv": [
            1.75,
            4,
            1.125,
            16
          ],
          "texture": "#1_2_3"
        },
        "up": {
          "uv": [
            1.875,
            0,
            0,
            2.25
          ],
          "texture": "#1_2_3"
        }
      }
    },
    {
      "name": "spike",
      "from": [
        7.24657,
        19.48,
        7.53
      ],
      "to": [
        9.34657,
        21.58,
        8.47
      ],
      "rotation": {
        "angle": -45,
        "axis": "z",
        "origin": [
          10.67242,
          12.60366,
          8
        ]
      },
      "faces": {
        "north": {
          "uv": [
            6.125,
            1.625,
            4,
            3.875
          ],
          "rotation": 90,
          "texture": "#1_2_3"
        },
        "east": {
          "uv": [
            0,
            0,
            3.939,
            11.099
          ],
          "rotation": 90,
          "texture": "#particle"
        },
        "south": {
          "uv": [
            6.125,
            1.625,
            4,
            3.875
          ],
          "texture": "#1_2_3"
        },
        "west": {
          "uv": [
            0,
            0,
            4.938,
            7.098
          ],
          "texture": "#particle"
        },
        "up": {
          "uv": [
            0,
            0,
            4.938,
            7.098
          ],
          "rotation": 90,
          "texture": "#particle"
        },
        "down": {
          "uv": [
            0,
            0,
            3.939,
            11.099
          ],
          "rotation": 90,
          "texture": "#particle"
        }
      }
    },
    {
      "name": "spike",
      "from": [
        13,
        0.07612,
        7.5
      ],
      "to": [
        16,
        19.87612,
        8.5
      ],
      "rotation": {
        "angle": 0,
        "axis": "y",
        "origin": [
          8,
          8,
          9
        ]
      },
      "faces": {
        "north": {
          "uv": [
            1.875,
            4,
            0,
            16
          ],
          "texture": "#1_2_3"
        },
        "east": {
          "uv": [
            1.75,
            4,
            1.125,
            16
          ],
          "texture": "#1_2_3"
        },
        "south": {
          "uv": [
            1.875,
            4,
            0,
            16
          ],
          "texture": "#1_2_3"
        },
        "west": {
          "uv": [
            1.75,
            4,
            1.125,
            16
          ],
          "texture": "#1_2_3"
        },
        "up": {
          "uv": [
            1.875,
            0,
            0,
            2.25
          ],
          "texture": "#1_2_3"
        }
      }
    },
    {
      "name": "spike",
      "from": [
        -5.85343,
        19.46262,
        7.53
      ],
      "to": [
        -3.75343,
        21.56262,
        8.47
      ],
      "rotation": {
        "angle": -45,
        "axis": "z",
        "origin": [
          -2.42758,
          12.60366,
          8
        ]
      },
      "faces": {
        "north": {
          "uv": [
            6.125,
            1.625,
            4,
            3.875
          ],
          "rotation": 90,
          "texture": "#1_2_3"
        },
        "east": {
          "uv": [
            0,
            0,
            3.939,
            11.099
          ],
          "rotation": 90,
          "texture": "#particle"
        },
        "south": {
          "uv": [
            6.125,
            1.625,
            4,
            3.875
          ],
          "texture": "#1_2_3"
        },
        "west": {
          "uv": [
            0,
            0,
            4.938,
            7.098
          ],
          "texture": "#particle"
        },
        "up": {
          "uv": [
            0,
            0,
            4.938,
            7.098
          ],
          "rotation": 90,
          "texture": "#particle"
        },
        "down": {
          "uv": [
            0,
            0,
            3.939,
            11.099
          ],
          "rotation": 90,
          "texture": "#particle"
        }
      }
    },
    {
      "name": "spike",
      "from": [
        0,
        0.07612,
        7.5
      ],
      "to": [
        3,
        19.87612,
        8.5
      ],
      "rotation": {
        "angle": 0,
        "axis": "y",
        "origin": [
          8,
          8,
          9
        ]
      },
      "faces": {
        "north": {
          "uv": [
            1.875,
            4,
            0,
            16
          ],
          "texture": "#1_2_3"
        },
        "east": {
          "uv": [
            1.75,
            4,
            1.125,
            16
          ],
          "texture": "#1_2_3"
        },
        "south": {
          "uv": [
            1.875,
            4,
            0,
            16
          ],
          "texture": "#1_2_3"
        },
        "west": {
          "uv": [
            1.75,
            4,
            1.125,
            16
          ],
          "texture": "#1_2_3"
        },
        "up": {
          "uv": [
            1.875,
            0,
            0,
            2.25
          ],
          "texture": "#1_2_3"
        }
      }
    }
  ],
  "display": {
    "thirdperson_righthand": {
      "rotation": [
        75,
        45,
        0
      ],
      "translation": [
        0,
        2.5,
        0
      ],
      "scale": [
        0.375,
        0.375,
        0.375
      ]
    },
    "thirdperson_lefthand": {
      "rotation": [
        75,
        45,
        0
      ],
      "translation": [
        0,
        2.5,
        0
      ],
      "scale": [
        0.375,
        0.375,
        0.375
      ]
    },
    "firstperson_righthand": {
      "rotation": [
        0,
        45,
        0
      ],
      "scale": [
        0.4,
        0.4,
        0.4
      ]
    },
    "firstperson_lefthand": {
      "rotation": [
        0,
        225,
        0
      ],
      "scale": [
        0.4,
        0.4,
        0.4
      ]
    },
    "ground": {
      "translation": [
        0,
        3,
        0
      ],
      "scale": [
        0.25,
        0.25,
        0.25
      ]
    },
    "gui": {
      "rotation": [
        30,
        225,
        0
      ],
      "scale": [
        0.625,
        0.625,
        0.625
      ]
    },
    "head": {
      "translation": [
        0,
        -3,
        -6
      ]
    },
    "fixed": {
      "scale": [
        0.5,
        0.5,
        0.5
      ]
    }
  }
}
