{
	"credit": "Made with Blockbench",
	"textures": {
		"3": "block/3dmodel/barricate",
		"5": "block/3dmodel/dirt_remove2",
		"7": "block/3dmodel/barricate_top",
		"8": "block/3dmodel/woodx64_1"
	},
	"elements": [
		{
			"name": "spike",
			"from": [0.33444, 16.15223, 3.255],
			"to": [1.74866, 17.56645, 4.225],
			"rotation": {"angle": -22.5, "axis": "z", "origin": [5.14473, 12.54161, 4]},
			"faces": {
				"north": {"uv": [6.125, 1.625, 4, 3.875], "texture": "#3"},
				"east": {"uv": [1.875, 0, 0, 1.875], "texture": "#3"},
				"south": {"uv": [6.125, 1.625, 4, 3.875], "texture": "#3"},
				"west": {"uv": [0, 0, 16, 16], "texture": "#7"},
				"up": {"uv": [0, 0, 16, 16], "texture": "#7"},
				"down": {"uv": [1.875, 0, 0, 1.875], "texture": "#3"}
			}
		},
		{
			"name": "plank",
			"from": [7.25, 10, 0],
			"to": [8.75, 12, 8],
			"faces": {
				"north": {"uv": [0, 0, 2, 1.5], "rotation": 90, "texture": "#8"},
				"east": {"uv": [0, 0, 8, 2], "texture": "#8"},
				"south": {"uv": [0, 0, 2, 1.5], "rotation": 90, "texture": "#8"},
				"west": {"uv": [6.5, 0, 8, 8], "rotation": 270, "texture": "#8"},
				"up": {"uv": [6.5, 0, 8, 8], "texture": "#8"},
				"down": {"uv": [6.5, 0, 8, 8], "texture": "#8"}
			}
		},
		{
			"name": "spike",
			"from": [13.46902, 15.4073, 0.775],
			"to": [14.88323, 16.82151, 1.745],
			"rotation": {"angle": 22.5, "axis": "z", "origin": [11, 13.10641, 1.5]},
			"faces": {
				"north": {"uv": [6.125, 1.625, 4, 3.875], "rotation": 270, "texture": "#3"},
				"east": {"uv": [0, 0, 16, 16], "rotation": 90, "texture": "#7"},
				"south": {"uv": [6.125, 1.625, 4, 3.875], "rotation": 90, "texture": "#3"},
				"west": {"uv": [1.875, 0, 0, 1.875], "texture": "#3"},
				"up": {"uv": [0, 0, 16, 16], "rotation": 90, "texture": "#7"},
				"down": {"uv": [1.875, 0, 0, 1.875], "texture": "#3"}
			}
		},
		{
			"name": "spike",
			"from": [14.46902, 16.4073, 5.775],
			"to": [15.88323, 17.82151, 6.745],
			"rotation": {"angle": 22.5, "axis": "z", "origin": [12, 14.10641, 6.5]},
			"faces": {
				"north": {"uv": [6.125, 1.625, 4, 3.875], "rotation": 270, "texture": "#3"},
				"east": {"uv": [0, 0, 16, 16], "rotation": 90, "texture": "#7"},
				"south": {"uv": [6.125, 1.625, 4, 3.875], "rotation": 90, "texture": "#3"},
				"west": {"uv": [1.875, 0, 0, 1.875], "texture": "#3"},
				"up": {"uv": [0, 0, 16, 16], "rotation": 90, "texture": "#7"},
				"down": {"uv": [1.875, 0, 0, 1.875], "texture": "#3"}
			}
		},
		{
			"name": "plank",
			"from": [10.11889, -2.32076, 0.75],
			"to": [12.11889, 17.47924, 1.75],
			"rotation": {"angle": -22.5, "axis": "z", "origin": [11, 13.10641, 1.5]},
			"faces": {
				"north": {"uv": [1.6, 4, 0, 16], "texture": "#3"},
				"east": {"uv": [0.725, 4, 0, 16], "texture": "#3"},
				"south": {"uv": [1.6, 4, 0, 16], "texture": "#3"},
				"west": {"uv": [0.725, 4, 0, 16], "texture": "#3"},
				"up": {"uv": [1.75, 0.25, 0.125, 2.125], "texture": "#3"}
			}
		},
		{
			"name": "plank",
			"from": [4.29644, -1.30391, 3.25],
			"to": [6.29644, 18.49609, 4.25],
			"rotation": {"angle": 22.5, "axis": "z", "origin": [5.14473, 12.54161, 4]},
			"faces": {
				"north": {"uv": [1.6, 4, 0, 16], "texture": "#3"},
				"east": {"uv": [0.725, 4, 0, 16], "texture": "#3"},
				"south": {"uv": [1.6, 4, 0, 16], "texture": "#3"},
				"west": {"uv": [0.725, 4, 0, 16], "texture": "#3"},
				"up": {"uv": [1.75, 0.25, 0.125, 2.125], "texture": "#3"}
			}
		},
		{
			"name": "plank",
			"from": [11.11889, -1.32076, 5.75],
			"to": [13.11889, 18.47924, 6.75],
			"rotation": {"angle": -22.5, "axis": "z", "origin": [12, 14.10641, 6.5]},
			"faces": {
				"north": {"uv": [1.6, 4, 0, 16], "texture": "#3"},
				"east": {"uv": [0.725, 4, 0, 16], "texture": "#3"},
				"south": {"uv": [1.6, 4, 0, 16], "texture": "#3"},
				"west": {"uv": [0.725, 4, 0, 16], "texture": "#3"},
				"up": {"uv": [1.75, 0.25, 0.125, 2.125], "texture": "#3"}
			}
		},
		{
			"name": "dirt",
			"from": [8, 0, 0],
			"to": [12, 0.5, 4],
			"faces": {
				"north": {"uv": [0, 0, 4, 0.5], "texture": "#5"},
				"east": {"uv": [0, 0, 4, 0.5], "texture": "#5"},
				"south": {"uv": [0, 0, 4, 0.5], "texture": "#5"},
				"west": {"uv": [0, 0, 4, 0.5], "texture": "#5"},
				"up": {"uv": [5.5, 6, 9.5, 10], "texture": "#5"}
			}
		},
		{
			"name": "dirt",
			"from": [7, 0, 2],
			"to": [10, 0.6, 5],
			"faces": {
				"north": {"uv": [0, 0, 4, 0.5], "texture": "#5"},
				"east": {"uv": [0, 0, 4, 0.5], "texture": "#5"},
				"south": {"uv": [0, 0, 4, 0.5], "texture": "#5"},
				"west": {"uv": [0, 0, 4, 0.5], "texture": "#5"},
				"up": {"uv": [5.5, 6, 9.5, 10], "texture": "#5"}
			}
		},
		{
			"name": "dirt",
			"from": [5.25, 0, 1.5],
			"to": [7.25, 1.5, 3.5],
			"rotation": {"angle": 0, "axis": "y", "origin": [8.25, 8, 8.5]},
			"faces": {
				"north": {"uv": [0, 0, 4, 0.5], "texture": "#5"},
				"east": {"uv": [0, 0, 4, 0.5], "texture": "#5"},
				"south": {"uv": [0, 0, 4, 0.5], "texture": "#5"},
				"west": {"uv": [0, 0, 4, 0.5], "texture": "#5"},
				"up": {"uv": [5.5, 6, 9.5, 10], "texture": "#5"}
			}
		},
		{
			"name": "dirt",
			"from": [9, 0, 4],
			"to": [11, 0.8, 8],
			"faces": {
				"north": {"uv": [0, 0, 4, 0.5], "texture": "#5"},
				"east": {"uv": [0, 0, 4, 0.5], "texture": "#5"},
				"south": {"uv": [0, 0, 4, 0.5], "texture": "#5"},
				"west": {"uv": [0, 0, 4, 0.5], "texture": "#5"},
				"up": {"uv": [5.5, 6, 9.5, 10], "texture": "#5"}
			}
		},
		{
			"name": "dirt",
			"from": [11, 0, 4],
			"to": [13, 1.2, 7],
			"faces": {
				"north": {"uv": [0, 0, 4, 0.5], "texture": "#5"},
				"east": {"uv": [0, 0, 4, 0.5], "texture": "#5"},
				"south": {"uv": [0, 0, 4, 0.5], "texture": "#5"},
				"west": {"uv": [0, 0, 4, 0.5], "texture": "#5"},
				"up": {"uv": [5.5, 6, 9.5, 10], "texture": "#5"}
			}
		},
		{
			"name": "dirt",
			"from": [6.1, 0.1, 4.9],
			"to": [8.1, 1, 7.9],
			"faces": {
				"north": {"uv": [0, 0, 4, 0.5], "texture": "#5"},
				"east": {"uv": [0, 0, 4, 0.5], "texture": "#5"},
				"south": {"uv": [0, 0, 4, 0.5], "texture": "#5"},
				"west": {"uv": [0, 0, 4, 0.5], "texture": "#5"},
				"up": {"uv": [5.5, 6, 9.5, 10], "texture": "#5"}
			}
		},
		{
			"name": "dirt",
			"from": [4, 0, 4],
			"to": [6, 0.3, 6],
			"faces": {
				"north": {"uv": [0, 0, 4, 0.5], "texture": "#5"},
				"east": {"uv": [0, 0, 4, 0.5], "texture": "#5"},
				"south": {"uv": [0, 0, 4, 0.5], "texture": "#5"},
				"west": {"uv": [0, 0, 4, 0.5], "texture": "#5"},
				"up": {"uv": [5.5, 6, 9.5, 10], "texture": "#5"}
			}
		},
		{
			"name": "dirt",
			"from": [3, 0, 1],
			"to": [5, 0.4, 3],
			"faces": {
				"north": {"uv": [0, 0, 4, 0.5], "texture": "#5"},
				"east": {"uv": [0, 0, 4, 0.5], "texture": "#5"},
				"south": {"uv": [0, 0, 4, 0.5], "texture": "#5"},
				"west": {"uv": [0, 0, 4, 0.5], "texture": "#5"},
				"up": {"uv": [5.5, 6, 9.5, 10], "texture": "#5"}
			}
		},
		{
			"name": "dirt",
			"from": [13, 0, 1],
			"to": [15, 0.2, 3],
			"faces": {
				"north": {"uv": [0, 0, 4, 0.5], "texture": "#5"},
				"east": {"uv": [0, 0, 4, 0.5], "texture": "#5"},
				"south": {"uv": [0, 0, 4, 0.5], "texture": "#5"},
				"west": {"uv": [0, 0, 4, 0.5], "texture": "#5"},
				"up": {"uv": [5.5, 6, 9.5, 10], "texture": "#5"}
			}
		}
	],
	"display": {
		"thirdperson_righthand": {
			"rotation": [75, 45, 0],
			"translation": [0, 2.5, 0],
			"scale": [0.375, 0.375, 0.375]
		},
		"thirdperson_lefthand": {
			"rotation": [75, 45, 0],
			"translation": [0, 2.5, 0],
			"scale": [0.375, 0.375, 0.375]
		},
		"firstperson_righthand": {
			"rotation": [0, 45, 0],
			"scale": [0.4, 0.4, 0.4]
		},
		"firstperson_lefthand": {
			"rotation": [0, 225, 0],
			"scale": [0.4, 0.4, 0.4]
		},
		"ground": {
			"translation": [0, 3, 0],
			"scale": [0.25, 0.25, 0.25]
		},
		"gui": {
			"rotation": [30, 225, 0],
			"scale": [0.625, 0.625, 0.625]
		},
		"fixed": {
			"scale": [0.5, 0.5, 0.5]
		}
	}
}