{
  "credit": "Made_with_Blockbench",
  "textures": {
    "3": "block/3dmodel/barricate",
    "particle": "block/3dmodel/barricate_top"
  },
  "elements": [
    {
      "name": "plank",
      "from": [
        7,
        -0.92388,
        7.5
      ],
      "to": [
        9,
        18.87612,
        8.5
      ],
      "rotation": {
        "angle": 0,
        "axis": "y",
        "origin": [
          8,
          8,
          8
        ],
        "rescale": true
      },
      "faces": {
        "north": {
          "uv": [
            1.75,
            4,
            0.25,
            16
          ],
          "texture": "#3"
        },
        "east": {
          "uv": [
            1.375,
            4,
            0.75,
            16
          ],
          "texture": "#3"
        },
        "south": {
          "uv": [
            1.75,
            4,
            0.25,
            16
          ],
          "texture": "#3"
        },
        "west": {
          "uv": [
            1.375,
            4,
            0.75,
            16
          ],
          "texture": "#3"
        },
        "up": {
          "uv": [
            1.5,
            0,
            0.25,
            2.25
          ],
          "texture": "#3"
        }
      }
    }
  ]
}
