{
	"credit": "Made with Blockbench",
	"textures": {
		"0": "block/3dmodel/iron_3",
		"3": "block/3dmodel/woodx32_1",
		"4": "block/3dmodel/ammo_crate_side_2",
		"5": "block/3dmodel/gun_details_1",
		"6": "block/3dmodel/iron",
		"7": "block/melon_side",
		"8": "block/3dmodel/irong_green",
		"9": "block/stone",
		"particle": "block/3dmodel/iron_3"
	},
	"elements": [
		{
			"name": "ammo",
			"from": [12.25, 2.95, 8.5],
			"to": [16, 2.95, 10.25],
			"rotation": {"angle": 0, "axis": "y", "origin": [19.5, 8.5, 15.75]},
			"faces": {
				"up": {"uv": [8.9995, 0.4995, 12.873, 8.997], "rotation": 90, "texture": "#4"}
			}
		},
		{
			"name": "ammo",
			"from": [10.9, 5, 8.45],
			"to": [11.15, 8.75, 10.2],
			"rotation": {"angle": 22.5, "axis": "z", "origin": [10.9, 3.5, 9.325]},
			"faces": {
				"north": {"uv": [9, 0.5, 9.373, 8.9965], "rotation": 180, "texture": "#4"},
				"east": {"uv": [8.9995, 0.4995, 12.873, 8.997], "rotation": 180, "texture": "#4"},
				"south": {"uv": [12.4995, 0.4995, 12.8725, 8.9965], "rotation": 180, "texture": "#4"},
				"west": {"uv": [8.9995, 0.4995, 12.873, 8.997], "texture": "#4"}
			}
		},
		{
			"name": "ammo",
			"from": [5.68939, 5.63358, 8.85],
			"to": [5.93939, 8.88358, 10.2],
			"rotation": {"angle": -45, "axis": "z", "origin": [5.93939, 6.88358, 9.425]},
			"faces": {
				"north": {"uv": [12.4995, 0.4995, 12.8725, 7.9965], "rotation": 180, "texture": "#4"},
				"east": {"uv": [10, 0.5, 12.872, 7.996], "texture": "#4"},
				"south": {"uv": [12.4995, 0.4995, 12.8725, 7.9965], "rotation": 180, "texture": "#4"},
				"west": {"uv": [10, 0.5, 12.872, 7.996], "texture": "#4"}
			}
		},
		{
			"name": "ammo",
			"from": [4.87873, 2.67647, 8.87],
			"to": [5.12873, 6.17647, 10.17],
			"rotation": {"angle": 0, "axis": "z", "origin": [5.12873, 4.17647, 9.225]},
			"faces": {
				"north": {"uv": [12.4995, 0.4995, 12.8725, 7.9965], "rotation": 180, "texture": "#4"},
				"east": {"uv": [10, 0.5, 12.872, 7.996], "texture": "#4"},
				"south": {"uv": [12.4995, 0.4995, 12.8725, 7.9965], "rotation": 180, "texture": "#4"},
				"west": {"uv": [10, 0.5, 12.872, 7.996], "texture": "#4"}
			}
		},
		{
			"name": "ammo",
			"from": [11.74019, 2.22161, 8.5],
			"to": [11.99019, 5.47161, 10.2],
			"rotation": {"angle": 45, "axis": "z", "origin": [11.74019, 3.47161, 9.375]},
			"faces": {
				"north": {"uv": [9, 0.5, 9.373, 8.9965], "rotation": 180, "texture": "#4"},
				"east": {"uv": [8.9995, 0.4995, 12.873, 8.997], "rotation": 180, "texture": "#4"},
				"south": {"uv": [12.4995, 0.4995, 12.8725, 8.9965], "rotation": 180, "texture": "#4"},
				"west": {"uv": [8.9995, 0.4995, 12.873, 8.997], "texture": "#4"}
			}
		},
		{
			"name": "barrel",
			"from": [7.475, 7.34882, -8.54909],
			"to": [8.525, 8.49882, -5.29909],
			"rotation": {"angle": 0, "axis": "y", "origin": [8.125, 9.44882, 10.25091]},
			"faces": {
				"north": {"uv": [5.75, 3, 8, 5.25], "texture": "#5"},
				"east": {"uv": [5.75, 1.75, 10.398, 3.497], "texture": "#0"},
				"west": {"uv": [5.75, 1.75, 10.398, 3.497], "texture": "#0"},
				"up": {"uv": [5.75, 1.75, 10.398, 3.497], "rotation": 90, "texture": "#0"},
				"down": {"uv": [5.75, 1.75, 10.398, 3.497], "rotation": 90, "texture": "#0"}
			}
		},
		{
			"name": "barrel",
			"from": [6.7, 7.25, 4.6],
			"to": [9.3, 9.95, 5.3],
			"rotation": {"angle": 0, "axis": "y", "origin": [8, 10, 13.75]},
			"faces": {
				"north": {"uv": [15.5, 8.25, 15.999, 10.749], "rotation": 90, "texture": "#0"},
				"east": {"uv": [15.5, 8.25, 15.999, 10.749], "texture": "#0"},
				"south": {"uv": [15.5, 8.25, 15.999, 10.749], "rotation": 90, "texture": "#0"},
				"west": {"uv": [15.5, 8.25, 15.999, 10.749], "texture": "#0"},
				"up": {"uv": [15.5, 8.25, 15.999, 10.749], "rotation": 90, "texture": "#0"},
				"down": {"uv": [15.5, 8.25, 15.999, 10.749], "rotation": 90, "texture": "#0"}
			}
		},
		{
			"name": "barrel",
			"from": [6.8, 7.35, -5.3],
			"to": [9.2, 9.85, 7.2],
			"rotation": {"angle": 0, "axis": "y", "origin": [8, 10, 13.75]},
			"faces": {
				"north": {"uv": [4, 11.5, 7.399, 14.999], "texture": "#8"},
				"east": {"uv": [0.5, 3, 13.495, 6.498], "texture": "#8"},
				"south": {"uv": [4, 11.5, 7.399, 14.999], "texture": "#8"},
				"west": {"uv": [13.495, 3, 0.5, 6.498], "texture": "#8"},
				"up": {"uv": [0.5, 2.5, 13.495, 5.998], "rotation": 90, "texture": "#8"},
				"down": {"uv": [0.5, 2.5, 13.495, 5.998], "rotation": 90, "texture": "#8"}
			}
		},
		{
			"name": "barrel",
			"from": [7.55, 6.85, -5.3],
			"to": [8.45, 7.35, -3.65],
			"rotation": {"angle": 0, "axis": "y", "origin": [8, 6.25, 5]},
			"faces": {
				"north": {"uv": [5.75, 1.749, 6.65, 2.249], "texture": "#0"},
				"east": {"uv": [5.75, 1.749, 7.4, 2.249], "texture": "#0"},
				"south": {"uv": [5.75, 1.749, 6.65, 2.249], "texture": "#0"},
				"west": {"uv": [5.75, 1.749, 7.4, 2.249], "texture": "#0"},
				"down": {"uv": [5.75, 1.749, 6.65, 3.399], "texture": "#0"}
			}
		},
		{
			"name": "bipod",
			"from": [9.17326, 4.47477, 1.49645],
			"to": [9.77326, 9.17477, 5.19645],
			"rotation": {"angle": 22.5, "axis": "x", "origin": [9.47326, 6.57477, 3.34645]},
			"faces": {
				"north": {"uv": [0, 7.1815, 6.3645, 6.5], "rotation": 90, "texture": "#0"},
				"east": {"uv": [0, 0.25, 4.7, 3.95], "rotation": 90, "texture": "#0"},
				"south": {"uv": [0, 7.349, 6.199, 6.5], "rotation": 90, "texture": "#0"},
				"west": {"uv": [0, 3.95, 4.7, 0.25], "rotation": 90, "texture": "#0"},
				"up": {"uv": [0, 7.1815, 6.3645, 6.5], "rotation": 90, "texture": "#0"},
				"down": {"uv": [0, 7.1815, 6.3645, 6.5], "rotation": 90, "texture": "#0"}
			}
		},
		{
			"name": "bipod",
			"from": [7.375, 5.35, 6.85],
			"to": [8.625, 6.15, 12.75],
			"rotation": {"angle": 0, "axis": "y", "origin": [7.875, 7.25, 15]},
			"faces": {
				"north": {"uv": [0.83, 15.3325, 0, 15.997], "texture": "#0"},
				"east": {"uv": [4.331, 15.3325, 0, 15.9975], "texture": "#0"},
				"south": {"uv": [0.83, 15.3325, 0, 15.997], "texture": "#0"},
				"west": {"uv": [0, 15.3325, 4.331, 15.9975], "texture": "#0"},
				"up": {"uv": [0, 15.3325, 4.331, 15.9975], "rotation": 90, "texture": "#0"},
				"down": {"uv": [0, 15.3325, 4.331, 15.9975], "rotation": 90, "texture": "#0"}
			}
		},
		{
			"name": "bipod",
			"from": [7.475, 3.8, 11.15],
			"to": [8.525, 6.85, 11.95],
			"rotation": {"angle": 22.5, "axis": "x", "origin": [7.875, 5.75, 11.55]},
			"faces": {
				"north": {"uv": [0, 15.333, 1.499, 15.9985], "rotation": 90, "texture": "#0"},
				"east": {"uv": [0, 15.333, 1.499, 15.9985], "rotation": 90, "texture": "#0"},
				"south": {"uv": [0, 15.333, 1.499, 15.9985], "rotation": 90, "texture": "#0"},
				"west": {"uv": [0, 15.333, 1.499, 15.9985], "rotation": 90, "texture": "#0"},
				"down": {"uv": [0, 15.333, 1.499, 15.9985], "rotation": 90, "texture": "#0"}
			}
		},
		{
			"name": "bipod",
			"from": [7.575, 2.66738, 10.71948],
			"to": [8.425, 4.31738, 11.51948],
			"rotation": {"angle": -22.5, "axis": "x", "origin": [7.875, 3.49238, 11.11948]},
			"faces": {
				"north": {"uv": [0, 15.333, 1.499, 15.9985], "rotation": 90, "texture": "#0"},
				"east": {"uv": [0, 15.333, 1.499, 15.9985], "rotation": 90, "texture": "#0"},
				"south": {"uv": [0, 15.333, 1.499, 15.9985], "rotation": 90, "texture": "#0"},
				"west": {"uv": [0, 15.333, 1.499, 15.9985], "rotation": 90, "texture": "#0"},
				"up": {"uv": [0, 15.333, 1.499, 15.9985], "rotation": 90, "texture": "#0"},
				"down": {"uv": [0, 15.333, 1.499, 15.9985], "rotation": 90, "texture": "#0"}
			}
		},
		{
			"name": "bipod",
			"from": [7.575, 5.39121, 6.14948],
			"to": [8.425, 8.29121, 6.94948],
			"rotation": {"angle": -45, "axis": "x", "origin": [8, 6.21621, 6.54948]},
			"faces": {
				"north": {"uv": [0, 15.3325, 4.331, 15.9975], "rotation": 90, "texture": "#0"},
				"east": {"uv": [0, 15.3325, 4.331, 15.9975], "rotation": 90, "texture": "#0"},
				"south": {"uv": [0, 15.3325, 4.331, 15.9975], "rotation": 90, "texture": "#0"},
				"west": {"uv": [0, 15.3325, 4.331, 15.9975], "rotation": 90, "texture": "#0"},
				"up": {"uv": [0, 4.8335, 0.1665, 5], "rotation": 90, "texture": "#0"},
				"down": {"uv": [0, 4.8335, 0.1665, 5], "rotation": 90, "texture": "#0"}
			}
		},
		{
			"name": "bipod",
			"from": [6.3, 2.25336, 12.38038],
			"to": [6.7, 3.45336, 15.03038],
			"rotation": {"angle": 45, "axis": "x", "origin": [11.5, 2.85336, 10.45538]},
			"faces": {
				"east": {"uv": [0, 6.5, 1.2, 9.15], "rotation": 90, "texture": "#0"},
				"west": {"uv": [0, 6.5, 1.2, 9.15], "rotation": 90, "texture": "#0"},
				"up": {"uv": [0, 0, 0.4, 2.65], "texture": "#0"},
				"down": {"uv": [0, 0, 0.4, 2.65], "texture": "#0"}
			}
		},
		{
			"name": "bipod",
			"from": [6.17326, 4.47477, 1.49645],
			"to": [6.77326, 9.17477, 5.19645],
			"rotation": {"angle": 22.5, "axis": "x", "origin": [6.47326, 6.57477, 3.34645]},
			"faces": {
				"north": {"uv": [0, 7.1815, 6.3645, 6.5], "rotation": 90, "texture": "#0"},
				"east": {"uv": [0, 0.25, 4.7, 3.95], "rotation": 90, "texture": "#0"},
				"south": {"uv": [0, 7.349, 6.199, 6.5], "rotation": 90, "texture": "#0"},
				"west": {"uv": [0, 3.95, 4.7, 0.25], "rotation": 90, "texture": "#0"},
				"up": {"uv": [0, 7.1815, 6.3645, 6.5], "rotation": 90, "texture": "#0"},
				"down": {"uv": [0, 7.1815, 6.3645, 6.5], "rotation": 90, "texture": "#0"}
			}
		},
		{
			"name": "bipod",
			"from": [9.17326, 4.41737, 5.18503],
			"to": [9.77326, 5.61737, 13.33503],
			"rotation": {"angle": 22.5, "axis": "x", "origin": [9.47326, 6.51737, 3.48503]},
			"faces": {
				"north": {"uv": [0, 7.349, 6.199, 6.5], "rotation": 90, "texture": "#0"},
				"east": {"uv": [9.4995, 15, 15.9365, 15.91], "rotation": 180, "texture": "#0"},
				"south": {"uv": [0, 7.349, 6.199, 6.5], "rotation": 90, "texture": "#0"},
				"west": {"uv": [9.4995, 15, 15.9365, 15.91], "rotation": 180, "texture": "#0"},
				"up": {"uv": [9.4995, 15, 15.9365, 15.743], "rotation": 90, "texture": "#0"},
				"down": {"uv": [9.4995, 15, 15.9365, 15.743], "rotation": 90, "texture": "#0"}
			}
		},
		{
			"name": "bipod",
			"from": [9.11655, 0.04731, 1.25],
			"to": [11.16655, 0.34731, 2.15],
			"rotation": {"angle": 0, "axis": "y", "origin": [10.24155, 0.19731, 1.7]},
			"faces": {
				"north": {"uv": [15.85, 15.25, 14, 15.899], "texture": "#6"},
				"east": {"uv": [15.85, 15.25, 14, 15.899], "texture": "#6"},
				"south": {"uv": [15.85, 15.25, 14, 15.899], "texture": "#6"},
				"west": {"uv": [15.85, 15.25, 14, 15.899], "texture": "#6"},
				"up": {"uv": [15.85, 15, 14, 15.9], "texture": "#6"}
			}
		},
		{
			"name": "bipod",
			"from": [6.17326, 4.41737, 5.18503],
			"to": [6.77326, 5.61737, 13.33503],
			"rotation": {"angle": 22.5, "axis": "x", "origin": [6.47326, 6.51737, 3.48503]},
			"faces": {
				"north": {"uv": [0, 7.349, 6.199, 6.5], "rotation": 90, "texture": "#0"},
				"east": {"uv": [9.4995, 15, 15.9365, 15.91], "rotation": 180, "texture": "#0"},
				"south": {"uv": [0, 7.349, 6.199, 6.5], "rotation": 90, "texture": "#0"},
				"west": {"uv": [9.4995, 15, 15.9365, 15.91], "rotation": 180, "texture": "#0"},
				"up": {"uv": [9.4995, 15, 15.9365, 15.743], "rotation": 90, "texture": "#0"},
				"down": {"uv": [9.4995, 15, 15.9365, 15.743], "rotation": 90, "texture": "#0"}
			}
		},
		{
			"name": "bipod",
			"from": [9.62326, -0.29299, 3.1],
			"to": [10.22326, 7.65701, 3.8],
			"rotation": {"angle": 22.5, "axis": "x", "origin": [9.92326, 4.55701, 3.45]},
			"faces": {
				"north": {"uv": [0, 6.5, 7.699, 7.2], "rotation": 90, "texture": "#0"},
				"east": {"uv": [0, 6.5, 7.699, 7.2], "rotation": 90, "texture": "#0"},
				"south": {"uv": [0, 6.5, 7.699, 7.2], "rotation": 90, "texture": "#0"},
				"west": {"uv": [0, 6.5, 7.699, 7.2], "rotation": 90, "texture": "#0"},
				"up": {"uv": [0, 0, 0.6, 0.7], "texture": "#0"}
			}
		},
		{
			"name": "bipod",
			"from": [4.56655, 0.04731, 1.25],
			"to": [6.41655, 0.34731, 2.15],
			"rotation": {"angle": 0, "axis": "y", "origin": [5.49155, 0.19731, 1.7]},
			"faces": {
				"north": {"uv": [15.85, 15.25, 14, 15.899], "texture": "#6"},
				"east": {"uv": [15.85, 15.25, 14, 15.899], "texture": "#6"},
				"south": {"uv": [15.85, 15.25, 14, 15.899], "texture": "#6"},
				"west": {"uv": [15.85, 15.25, 14, 15.899], "texture": "#6"},
				"up": {"uv": [15.85, 15, 14, 15.9], "texture": "#6"}
			}
		},
		{
			"name": "bipod",
			"from": [7.67326, 3.56737, 10.93503],
			"to": [8.27326, 5.11737, 12.58503],
			"rotation": {"angle": 22.5, "axis": "x", "origin": [6.47326, 4.51737, 7.48503]},
			"faces": {
				"north": {"uv": [0, 15.333, 1.499, 15.9985], "rotation": 90, "texture": "#0"},
				"east": {"uv": [0, 15.333, 1.499, 15.9985], "rotation": 90, "texture": "#0"},
				"south": {"uv": [0, 15.333, 1.499, 15.9985], "rotation": 90, "texture": "#0"},
				"west": {"uv": [0, 15.333, 1.499, 15.9985], "rotation": 90, "texture": "#0"},
				"up": {"uv": [0, 15.333, 1.499, 15.9985], "rotation": 90, "texture": "#0"}
			}
		},
		{
			"name": "bipod",
			"from": [6.67326, 2.91737, 10.68503],
			"to": [9.27326, 3.86737, 12.83503],
			"rotation": {"angle": 22.5, "axis": "x", "origin": [6.47326, 4.76737, 7.48503]},
			"faces": {
				"north": {"uv": [0, 8.0145, 2.198, 6.5], "texture": "#0"},
				"south": {"uv": [0, 8.0145, 2.198, 6.5], "texture": "#0"},
				"up": {"uv": [0, 8.0145, 2.198, 6.5], "texture": "#0"},
				"down": {"uv": [0, 8.0145, 2.198, 6.5], "texture": "#0"}
			}
		},
		{
			"name": "bipod",
			"from": [9.3, 2.25336, 12.38038],
			"to": [9.7, 3.45336, 15.03038],
			"rotation": {"angle": 45, "axis": "x", "origin": [14.5, 2.85336, 10.45538]},
			"faces": {
				"east": {"uv": [0, 6.5, 1.2, 9.15], "rotation": 90, "texture": "#0"},
				"west": {"uv": [0, 6.5, 1.2, 9.15], "rotation": 90, "texture": "#0"},
				"up": {"uv": [0, 0, 0.4, 2.65], "texture": "#0"},
				"down": {"uv": [0, 0, 0.4, 2.65], "texture": "#0"}
			}
		},
		{
			"name": "bipod",
			"from": [5.62326, -0.29299, 3.1],
			"to": [6.22326, 7.65701, 3.8],
			"rotation": {"angle": 22.5, "axis": "x", "origin": [5.92326, 4.55701, 3.45]},
			"faces": {
				"north": {"uv": [0, 6.5, 7.699, 7.2], "rotation": 90, "texture": "#0"},
				"east": {"uv": [0, 6.5, 7.699, 7.2], "rotation": 90, "texture": "#0"},
				"south": {"uv": [0, 6.5, 7.699, 7.2], "rotation": 90, "texture": "#0"},
				"west": {"uv": [0, 6.5, 7.699, 7.2], "rotation": 90, "texture": "#0"},
				"up": {"uv": [0, 0, 0.6, 0.7], "texture": "#0"}
			}
		},
		{
			"name": "body",
			"from": [6.75, 7.5, 8.1],
			"to": [9.25, 8.5, 10.6],
			"rotation": {"angle": 0, "axis": "y", "origin": [14.75, 16, 16.85]},
			"faces": {
				"north": {"uv": [7.25, 7.5, 9.749, 10], "rotation": 90, "texture": "#0"},
				"east": {"uv": [3, 0, 5.248, 2.75], "texture": "#5"},
				"south": {"uv": [7.25, 7.5, 9.749, 10], "rotation": 90, "texture": "#0"},
				"west": {"uv": [3, 0, 5.248, 2.75], "texture": "#5"},
				"up": {"uv": [7.25, 7.5, 9.749, 10], "rotation": 90, "texture": "#0"},
				"down": {"uv": [7.25, 7.5, 9.749, 10], "rotation": 90, "texture": "#0"}
			}
		},
		{
			"name": "body",
			"from": [5.68939, 5.78358, 8.2],
			"to": [5.93939, 8.53358, 10.45],
			"rotation": {"angle": -45, "axis": "z", "origin": [5.93939, 6.53358, 9.325]},
			"faces": {
				"north": {"uv": [0, 7.25, 7.448, 7.948], "rotation": 90, "texture": "#0"},
				"east": {"uv": [0, 6.5, 7.699, 7.2], "rotation": 90, "texture": "#0"},
				"south": {"uv": [0, 7.25, 7.448, 7.948], "rotation": 90, "texture": "#0"},
				"west": {"uv": [0, 6.5, 7.699, 7.2], "rotation": 90, "texture": "#0"},
				"up": {"uv": [0.5, 0, 1, 1.75], "texture": "#0"},
				"down": {"uv": [0, 7.25, 7.448, 7.948], "rotation": 90, "texture": "#0"}
			}
		},
		{
			"name": "body",
			"from": [7, 6.6, 7.1],
			"to": [9, 9.4, 16.75],
			"rotation": {"angle": 0, "axis": "y", "origin": [8, 8.5, 13.75]},
			"faces": {
				"north": {"uv": [2, 0, 0, 1.8], "texture": "#0"},
				"east": {"uv": [0, 0, 6.15, 1.8], "texture": "#0"},
				"south": {"uv": [2, 0, 0, 1.8], "texture": "#0"},
				"west": {"uv": [6.15, 0, 0, 1.8], "texture": "#0"},
				"up": {"uv": [15.799, 0, 0, 2.1], "rotation": 90, "texture": "#0"},
				"down": {"uv": [0, 4.4, 2, 0], "texture": "#0"}
			}
		},
		{
			"name": "box",
			"from": [11.75, 0.15, 8],
			"to": [16.5, 2.9, 10.75],
			"rotation": {"angle": 0, "axis": "y", "origin": [19.5, 8.4, 15.75]},
			"faces": {
				"north": {"uv": [8.834, 4.166, 11.165, 8.33], "rotation": 90, "texture": "#7"},
				"east": {"uv": [8.834, 4.166, 11.165, 5.83], "rotation": 90, "texture": "#7"},
				"south": {"uv": [8.834, 4.166, 11.165, 8.33], "rotation": 90, "texture": "#7"},
				"west": {"uv": [8.834, 4.166, 11.165, 5.83], "rotation": 90, "texture": "#7"},
				"up": {"uv": [9.1665, 15.166, 11.6625, 15.994], "rotation": 90, "texture": "#7"}
			}
		},
		{
			"name": "box",
			"from": [12.40914, 3.71372, 8],
			"to": [17.15914, 4.21372, 10.75],
			"rotation": {"angle": -22.5, "axis": "z", "origin": [14.78414, 4.96372, 9.375]},
			"faces": {
				"north": {"uv": [11.5, 4.5, 12, 9.249], "rotation": 90, "texture": "#7"},
				"east": {"uv": [12, 4.5, 12.5, 7.25], "rotation": 90, "texture": "#7"},
				"south": {"uv": [11.5, 4.5, 12, 9.249], "rotation": 90, "texture": "#7"},
				"west": {"uv": [12, 4.5, 12.5, 7.25], "rotation": 90, "texture": "#7"},
				"up": {"uv": [8.5, 9, 10.993, 13.324], "rotation": 90, "texture": "#7"},
				"down": {"uv": [8.5, 9, 10.993, 13.324], "rotation": 90, "texture": "#7"}
			}
		},
		{
			"name": "floor",
			"from": [0, 0, 0],
			"to": [16, 0.05, 16],
			"faces": {
				"north": {"uv": [0, 0, 16, 0.05], "texture": "#9"},
				"east": {"uv": [0, 0, 16, 0.05], "texture": "#9"},
				"south": {"uv": [0, 0, 16, 0.05], "texture": "#9"},
				"west": {"uv": [0, 0, 16, 0.05], "texture": "#9"},
				"up": {"uv": [0, 0, 16, 16], "texture": "#9"}
			}
		},
		{
			"name": "handgrip",
			"from": [8.8, 6.95, 17.95],
			"to": [9.7, 9.1, 18.85],
			"rotation": {"angle": 22.5, "axis": "y", "origin": [9.25, 7.975, 17.65]},
			"faces": {
				"north": {"uv": [4.5, 8, 6.399, 11.749], "texture": "#3"},
				"east": {"uv": [4.5, 8, 6.399, 11.749], "texture": "#3"},
				"south": {"uv": [4.5, 8, 6.399, 11.749], "texture": "#3"},
				"west": {"uv": [4.5, 8, 6.399, 11.749], "texture": "#3"}
			}
		},
		{
			"name": "handgrip",
			"from": [6.3, 6.95, 17.95],
			"to": [7.2, 9.1, 18.85],
			"rotation": {"angle": -22.5, "axis": "y", "origin": [6.75, 7.975, 17.65]},
			"faces": {
				"north": {"uv": [4.5, 8, 6.399, 11.749], "texture": "#3"},
				"east": {"uv": [4.5, 8, 6.399, 11.749], "texture": "#3"},
				"south": {"uv": [4.5, 8, 6.399, 11.749], "texture": "#3"},
				"west": {"uv": [4.5, 8, 6.399, 11.749], "texture": "#3"}
			}
		},
		{
			"name": "handgrip",
			"from": [6.3, 9.1, 15.7],
			"to": [7.2, 9.35, 18.85],
			"rotation": {"angle": -22.5, "axis": "y", "origin": [6.75, 7.975, 17.65]},
			"faces": {
				"north": {"uv": [9.15, 5, 7.5, 7.749], "texture": "#0"},
				"east": {"uv": [4.5, 7, 7.65, 7.25], "texture": "#0"},
				"south": {"uv": [4.5, 7, 5.4, 7.25], "texture": "#0"},
				"west": {"uv": [4.5, 7, 7.65, 7.25], "texture": "#0"},
				"up": {"uv": [9.75, 6.5, 10.65, 9.65], "texture": "#0"},
				"down": {"uv": [9.75, 8.497, 11.398, 7], "texture": "#0"}
			}
		},
		{
			"name": "handgrip",
			"from": [8.8, 9.1, 15.7],
			"to": [9.7, 9.35, 18.85],
			"rotation": {"angle": 22.5, "axis": "y", "origin": [9.25, 7.975, 17.65]},
			"faces": {
				"north": {"uv": [9.15, 5, 7.5, 7.749], "texture": "#0"},
				"east": {"uv": [4.5, 7, 7.65, 7.25], "texture": "#0"},
				"south": {"uv": [4.5, 7, 5.4, 7.25], "texture": "#0"},
				"west": {"uv": [4.5, 7, 7.65, 7.25], "texture": "#0"},
				"up": {"uv": [9.75, 6.5, 10.65, 9.65], "texture": "#0"},
				"down": {"uv": [9.75, 8.497, 11.398, 7], "texture": "#0"}
			}
		},
		{
			"name": "handgrip",
			"from": [6.3, 6.7, 15.7],
			"to": [7.2, 6.95, 18.85],
			"rotation": {"angle": -22.5, "axis": "y", "origin": [6.75, 8.075, 17.65]},
			"faces": {
				"north": {"uv": [9.15, 5, 7.5, 7.749], "texture": "#0"},
				"east": {"uv": [4.5, 7, 7.65, 7.25], "texture": "#0"},
				"south": {"uv": [4.5, 7, 5.4, 7.25], "texture": "#0"},
				"west": {"uv": [4.5, 7, 7.65, 7.25], "texture": "#0"},
				"up": {"uv": [9.75, 6.5, 10.65, 9.65], "texture": "#0"},
				"down": {"uv": [9.75, 6.5, 10.65, 9.65], "texture": "#0"}
			}
		},
		{
			"name": "handgrip",
			"from": [8.8, 6.7, 15.7],
			"to": [9.7, 6.95, 18.85],
			"rotation": {"angle": 22.5, "axis": "y", "origin": [9.25, 8.075, 17.65]},
			"faces": {
				"north": {"uv": [9.15, 5, 7.5, 7.749], "texture": "#0"},
				"east": {"uv": [4.5, 7, 7.65, 7.25], "texture": "#0"},
				"south": {"uv": [4.5, 7, 5.4, 7.25], "texture": "#0"},
				"west": {"uv": [4.5, 7, 7.65, 7.25], "texture": "#0"},
				"up": {"uv": [9.75, 6.5, 10.65, 9.65], "texture": "#0"},
				"down": {"uv": [9.75, 6.5, 10.65, 9.65], "texture": "#0"}
			}
		},
		{
			"name": "sight",
			"from": [8.3, 9.6, 15],
			"to": [8.7, 10.35, 15.65],
			"rotation": {"angle": 0, "axis": "y", "origin": [8, 10.45, -0.715]},
			"faces": {
				"north": {"uv": [9.25, 8.75, 9.65, 9.5], "texture": "#0"},
				"east": {"uv": [5.75, 0.25, 6.4, 1], "texture": "#0"},
				"south": {"uv": [9.25, 8.75, 9.65, 9.5], "texture": "#0"},
				"west": {"uv": [5.75, 0.25, 6.4, 1], "texture": "#0"},
				"up": {"uv": [5.75, 0.25, 6.15, 0.9], "texture": "#0"}
			}
		},
		{
			"name": "sight",
			"from": [7.8, 9.6, -5],
			"to": [8.2, 10.45, -4.6],
			"rotation": {"angle": 0, "axis": "y", "origin": [8.5, 10.45, 17.285]},
			"faces": {
				"north": {"uv": [9.399, 8.75, 9.25, 10.5], "texture": "#0"},
				"east": {"uv": [6.398, 0.25, 5.75, 2], "texture": "#0"},
				"south": {"uv": [9.399, 8.75, 9.25, 10.5], "texture": "#0"},
				"west": {"uv": [6.398, 0.25, 5.75, 2], "texture": "#0"},
				"up": {"uv": [10, 10.25, 10.399, 10.9], "texture": "#0"},
				"down": {"uv": [0, 0, 0.5, 1.75], "texture": "#missing"}
			}
		},
		{
			"name": "sight",
			"from": [7.3, 9.6, 15],
			"to": [7.7, 10.35, 15.65],
			"rotation": {"angle": 0, "axis": "y", "origin": [8, 10.45, -0.715]},
			"faces": {
				"north": {"uv": [9.25, 8.75, 9.65, 9.5], "texture": "#0"},
				"east": {"uv": [5.75, 0.25, 6.4, 1], "texture": "#0"},
				"south": {"uv": [9.25, 8.75, 9.65, 9.5], "texture": "#0"},
				"west": {"uv": [5.75, 0.25, 6.4, 1], "texture": "#0"},
				"up": {"uv": [5.75, 0.25, 6.15, 0.9], "texture": "#0"}
			}
		},
		{
			"name": "sight",
			"from": [7.1, 8.85, 14.8],
			"to": [8.9, 9.85, 15.95],
			"rotation": {"angle": 0, "axis": "y", "origin": [8, 9.7, -1.715]},
			"faces": {
				"north": {"uv": [7.5, 5, 8.9, 6], "texture": "#0"},
				"east": {"uv": [7.5, 5, 8.65, 6], "texture": "#0"},
				"south": {"uv": [7.5, 5, 8.9, 6], "texture": "#0"},
				"west": {"uv": [7.5, 5, 8.65, 6], "texture": "#0"},
				"up": {"uv": [9.75, 8.497, 11.398, 7], "texture": "#0"},
				"down": {"uv": [0, 0, 0, 0], "texture": "#0"}
			}
		},
		{
			"name": "tigger",
			"from": [7.25, 7.9, 16.75],
			"to": [7.75, 8.65, 17.25],
			"rotation": {"angle": 0, "axis": "y", "origin": [16, 16.4, 24.75]},
			"faces": {
				"north": {"uv": [0, 0, 0.5, 0.75], "texture": "#6"},
				"east": {"uv": [0, 0, 0.5, 0.75], "texture": "#6"},
				"south": {"uv": [0, 0, 0.5, 0.75], "texture": "#6"},
				"west": {"uv": [0, 0, 0.5, 0.75], "texture": "#6"},
				"up": {"uv": [0, 0, 0.5, 0.5], "texture": "#6"},
				"down": {"uv": [0, 0, 0.5, 0.5], "texture": "#6"}
			}
		},
		{
			"name": "tigger",
			"from": [8.25, 7.9, 16.75],
			"to": [8.75, 8.65, 17.25],
			"rotation": {"angle": 0, "axis": "y", "origin": [16, 16.4, 24.75]},
			"faces": {
				"north": {"uv": [0, 0, 0.5, 0.75], "texture": "#6"},
				"east": {"uv": [0, 0, 0.5, 0.75], "texture": "#6"},
				"south": {"uv": [0, 0, 0.5, 0.75], "texture": "#6"},
				"west": {"uv": [0, 0, 0.5, 0.75], "texture": "#6"},
				"up": {"uv": [0, 0, 0.5, 0.5], "texture": "#6"},
				"down": {"uv": [0, 0, 0.5, 0.5], "texture": "#6"}
			}
		}
	],
	"display": {
		"thirdperson_righthand": {
			"rotation": [44, 80, 0],
			"translation": [-2.25, 1, -0.5],
			"scale": [0.8, 0.8, 0.8]
		},
		"thirdperson_lefthand": {
			"rotation": [75, 45, 0],
			"translation": [0, 2.5, 0],
			"scale": [0.375, 0.375, 0.375]
		},
		"firstperson_righthand": {
			"rotation": [-13, 32, 6],
			"translation": [-5.25, 3.5, -2.75],
			"scale": [0.9, 0.9, 0.9]
		},
		"firstperson_lefthand": {
			"rotation": [0, 225, 0],
			"scale": [0.4, 0.4, 0.4]
		},
		"ground": {
			"translation": [0, 3, 0],
			"scale": [0.25, 0.25, 0.25]
		},
		"gui": {
			"rotation": [30, 225, 0],
			"translation": [-0.5, 1, 0],
			"scale": [0.8, 0.8, 0.8]
		},
		"fixed": {
			"rotation": [0, -90, 0],
			"translation": [-2.75, 0, -2.25],
			"scale": [1.2, 1.2, 1.29]
		}
	}
}