{
  "parent": "block/block",
  "textures": {
    "particle": "block/end_portal_frame_side",
    "bottom": "block/end_stone",
    "top": "block/end_portal_frame_top",
    "side": "block/end_portal_frame_side"
  },
  "elements": [
    {
      "from": [
        0,
        0,
        0
      ],
      "to": [
        16,
        13,
        16
      ],
      "faces": {
        "down": {
          "uv": [
            0,
            0,
            16,
            16
          ],
          "texture": "#bottom"
        },
        "up": {
          "uv": [
            0,
            0,
            16,
            16
          ],
          "texture": "#top"
        },
        "north": {
          "uv": [
            0,
            3,
            16,
            16
          ],
          "texture": "#side"
        },
        "south": {
          "uv": [
            0,
            3,
            16,
            16
          ],
          "texture": "#side"
        },
        "west": {
          "uv": [
            0,
            3,
            16,
            16
          ],
          "texture": "#side"
        },
        "east": {
          "uv": [
            0,
            3,
            16,
            16
          ],
          "texture": "#side"
        }
      }
    }
  ]
}
