{
  "credit": "Made_with_Blockbench",
  "textures": {
    "bottom": "block/end_stone",
    "top": "block/endframe_top_on",
    "side": "block/end_portal_frame_side",
    "particle": "block/end_portal_frame_side",
    "eye": "block/end_portal_frame_eye"
  },
  "elements": [
    {
      "from": [
        0,
        0,
        0
      ],
      "to": [
        16,
        13,
        16
      ],
      "faces": {
        "north": {
          "uv": [
            0,
            3,
            16,
            16
          ],
          "texture": "#side"
        },
        "east": {
          "uv": [
            0,
            3,
            16,
            16
          ],
          "texture": "#side"
        },
        "south": {
          "uv": [
            0,
            3,
            16,
            16
          ],
          "texture": "#side"
        },
        "west": {
          "uv": [
            0,
            3,
            16,
            16
          ],
          "texture": "#side"
        },
        "up": {
          "uv": [
            0,
            0,
            16,
            16
          ],
          "texture": "#top"
        },
        "down": {
          "uv": [
            0,
            0,
            16,
            16
          ],
          "texture": "#bottom"
        }
      }
    },
    {
      "from": [
        5,
        13,
        5
      ],
      "to": [
        11,
        15,
        11
      ],
      "faces": {
        "north": {
          "uv": [
            4,
            0,
            12,
            3
          ],
          "texture": "#eye"
        },
        "east": {
          "uv": [
            4,
            0,
            12,
            3
          ],
          "texture": "#eye"
        },
        "south": {
          "uv": [
            4,
            0,
            12,
            3
          ],
          "texture": "#eye"
        },
        "west": {
          "uv": [
            4,
            0,
            12,
            3
          ],
          "texture": "#eye"
        },
        "up": {
          "uv": [
            4,
            5,
            12,
            12.5
          ],
          "texture": "#eye"
        }
      }
    }
  ]
}
