{
  "credit": "Made_with_Blockbench",
  "ambientocclusion": false,
  "textures": {
    "1": "block/stone_slab_top",
    "3": "block/3dmodel/beacon",
    "5": "block/furnace_top",
    "particle": "block/3dmodel/beacon"
  },
  "elements": [
    {
      "from": [
        6.7,
        0.2,
        6.7
      ],
      "to": [
        9.3,
        8.3,
        9.3
      ],
      "faces": {
        "north": {
          "uv": [
            10.5,
            2.5,
            14.5,
            14.5
          ],
          "texture": "#5"
        },
        "east": {
          "uv": [
            9.5,
            3,
            13.5,
            15
          ],
          "texture": "#5"
        },
        "south": {
          "uv": [
            10.5,
            2.5,
            14.5,
            14.5
          ],
          "texture": "#5"
        },
        "west": {
          "uv": [
            9.5,
            3,
            13.5,
            15
          ],
          "texture": "#5"
        },
        "up": {
          "uv": [
            9,
            4,
            11,
            6
          ],
          "texture": "#1"
        },
        "down": {
          "uv": [
            0,
            8,
            2,
            10
          ],
          "texture": "#missing"
        }
      }
    },
    {
      "name": "light",
      "from": [
        6.05,
        9.3,
        6.05
      ],
      "to": [
        9.95,
        13.2,
        9.95
      ],
      "faces": {
        "north": {
          "uv": [
            5,
            5.5,
            10,
            10.5
          ],
          "texture": "#3"
        },
        "east": {
          "uv": [
            5,
            5.5,
            10,
            10.5
          ],
          "texture": "#3"
        },
        "south": {
          "uv": [
            5,
            5.5,
            10,
            10.5
          ],
          "texture": "#3"
        },
        "west": {
          "uv": [
            5,
            5.5,
            10,
            10.5
          ],
          "texture": "#3"
        },
        "up": {
          "uv": [
            5,
            5.5,
            10,
            10.5
          ],
          "texture": "#3"
        },
        "down": {
          "uv": [
            5,
            5.5,
            10,
            10.5
          ],
          "texture": "#3"
        }
      }
    },
    {
      "from": [
        5.6,
        7.85,
        5.65
      ],
      "to": [
        10.3,
        9.25,
        10.35
      ],
      "faces": {
        "north": {
          "uv": [
            0,
            0,
            7.5,
            2.5
          ],
          "texture": "#1"
        },
        "east": {
          "uv": [
            0,
            0,
            7.5,
            2.5
          ],
          "texture": "#1"
        },
        "south": {
          "uv": [
            0,
            0,
            7.5,
            2.5
          ],
          "texture": "#1"
        },
        "west": {
          "uv": [
            0,
            0,
            7.5,
            2.5
          ],
          "texture": "#1"
        },
        "up": {
          "uv": [
            0,
            0,
            3.5,
            3.5
          ],
          "texture": "#1"
        },
        "down": {
          "uv": [
            0,
            0,
            3.5,
            3.5
          ],
          "texture": "#1"
        }
      }
    },
    {
      "from": [
        6.25,
        -0.1,
        6.25
      ],
      "to": [
        9.75,
        1.1,
        9.75
      ],
      "faces": {
        "north": {
          "uv": [
            0,
            0,
            7.5,
            2.5
          ],
          "texture": "#1"
        },
        "east": {
          "uv": [
            0,
            0,
            7.5,
            2.5
          ],
          "texture": "#1"
        },
        "south": {
          "uv": [
            0,
            0,
            7.5,
            2.5
          ],
          "texture": "#1"
        },
        "west": {
          "uv": [
            0,
            0,
            7.5,
            2.5
          ],
          "texture": "#1"
        },
        "up": {
          "uv": [
            0,
            0,
            3.5,
            3.5
          ],
          "texture": "#1"
        },
        "down": {
          "uv": [
            0,
            0,
            2,
            2
          ],
          "texture": "#1"
        }
      }
    }
  ]
}
