{
  "credit": "Made_with_Blockbench",
  "parent": "block/block",
  "textures": {
    "2_1": "block/3dmodel/plank_2",
    "1_1": "block/polished_andesite",
	"particle": "block/3dmodel/plank_2"
  },
  "elements": [
    {
      "name": "stick",
      "from": [
        14,
        0,
        7
      ],
      "to": [
        16,
        16,
        9
      ],
      "faces": {
        "north": {
          "uv": [
            1,
            4,
            3,
            16
          ],
          "texture": "#2_1"
        },
        "east": {
          "uv": [
            1,
            4,
            3,
            16
          ],
          "texture": "#2_1"
        },
        "south": {
          "uv": [
            1,
            4,
            3,
            16
          ],
          "texture": "#2_1"
        },
        "west": {
          "uv": [
            1,
            4,
            3,
            16
          ],
          "texture": "#2_1"
        },
        "up": {
          "uv": [
            5,
            1.5,
            7,
            3.5
          ],
          "texture": "#2_1"
        },
        "down": {
          "uv": [
            5,
            1.5,
            7,
            3.5
          ],
          "texture": "#2_1"
        }
      }
    },
    {
      "name": "stick",
      "from": [
        0,
        0,
        7
      ],
      "to": [
        2,
        16,
        9
      ],
      "faces": {
        "north": {
          "uv": [
            1,
            4,
            3,
            16
          ],
          "texture": "#2_1"
        },
        "east": {
          "uv": [
            1,
            4,
            3,
            16
          ],
          "texture": "#2_1"
        },
        "south": {
          "uv": [
            1,
            4,
            3,
            16
          ],
          "texture": "#2_1"
        },
        "west": {
          "uv": [
            1,
            4,
            3,
            16
          ],
          "texture": "#2_1"
        },
        "up": {
          "uv": [
            5,
            1.5,
            7,
            3.5
          ],
          "texture": "#2_1"
        },
        "down": {
          "uv": [
            5,
            1.5,
            7,
            3.5
          ],
          "texture": "#2_1"
        }
      }
    },
    {
      "name": "wire",
      "from": [
        3.5,
        -0.875,
        7.5
      ],
      "to": [
        4.5,
        10.875,
        8.5
      ],
      "rotation": {
        "angle": 22.5,
        "axis": "z",
        "origin": [
          4,
          5,
          8
        ]
      },
      "faces": {
        "north": {
          "uv": [
            2.5,
            1,
            3.498,
            12.75
          ],
          "texture": "#1_1"
        },
        "east": {
          "uv": [
            2.5,
            1,
            3.498,
            12.75
          ],
          "texture": "#1_1"
        },
        "south": {
          "uv": [
            2.5,
            1,
            3.498,
            12.75
          ],
          "texture": "#1_1"
        },
        "west": {
          "uv": [
            2.5,
            1,
            3.498,
            12.75
          ],
          "texture": "#1_1"
        },
        "up": {
          "uv": [
            0,
            0,
            1,
            1
          ],
          "texture": "#1_1"
        },
        "down": {
          "uv": [
            0,
            0,
            1,
            1
          ],
          "texture": "#1_1"
        }
      }
    }
  ],
  "display": {
    "gui": {
      "rotation": [
        30,
        45,
        0
      ],
      "translation": [
        0,
        -1,
        0
      ],
      "scale": [
        0.8,
        0.8,
        0.8
      ]
    },
    "head": {
      "translation": [
        0,
        -3,
        -6
      ]
    }
  }
}
