{
  "credit": "Made_with_Blockbench",
  "parent": "block/block",
  "textures": {
    "1": "block/3dmodel/plank_2",
    "1_1": "block/polished_andesite",
	"particle": "block/3dmodel/plank_2"
  },
  "elements": [
    {
      "name": "stick",
      "from": [
        14,
        0,
        7
      ],
      "to": [
        16,
        16,
        9
      ],
      "faces": {
        "north": {
          "uv": [
            1,
            4,
            3,
            16
          ],
          "texture": "#1"
        },
        "east": {
          "uv": [
            1,
            4,
            3,
            16
          ],
          "texture": "#1"
        },
        "south": {
          "uv": [
            1,
            4,
            3,
            16
          ],
          "texture": "#1"
        },
        "west": {
          "uv": [
            1,
            4,
            3,
            16
          ],
          "texture": "#1"
        },
        "up": {
          "uv": [
            1,
            4,
            3,
            6
          ],
          "texture": "#1"
        },
        "down": {
          "uv": [
            1,
            4,
            3,
            6
          ],
          "texture": "#1"
        }
      }
    },
    {
      "name": "stick",
      "from": [
        0,
        0,
        7
      ],
      "to": [
        2,
        16,
        9
      ],
      "faces": {
        "north": {
          "uv": [
            1,
            4,
            3,
            16
          ],
          "texture": "#1"
        },
        "east": {
          "uv": [
            1,
            4,
            3,
            16
          ],
          "texture": "#1"
        },
        "south": {
          "uv": [
            1,
            4,
            3,
            16
          ],
          "texture": "#1"
        },
        "west": {
          "uv": [
            1,
            4,
            3,
            16
          ],
          "texture": "#1"
        },
        "up": {
          "uv": [
            1,
            4,
            3,
            6
          ],
          "texture": "#1"
        },
        "down": {
          "uv": [
            1,
            4,
            3,
            6
          ],
          "texture": "#1"
        }
      }
    },
    {
      "name": "wire",
      "from": [
        1.925,
        11.5,
        7.5
      ],
      "to": [
        14.175,
        12.5,
        8.5
      ],
      "rotation": {
        "angle": 0,
        "axis": "y",
        "origin": [
          11.0114,
          5.5,
          8
        ]
      },
      "faces": {
        "north": {
          "uv": [
            2,
            2,
            14.249,
            2.999
          ],
          "texture": "#1_1"
        },
        "south": {
          "uv": [
            2,
            2,
            14.249,
            2.999
          ],
          "texture": "#1_1"
        },
        "up": {
          "uv": [
            2,
            2,
            14.249,
            2.999
          ],
          "texture": "#1_1"
        },
        "down": {
          "uv": [
            2,
            2,
            14.249,
            2.999
          ],
          "texture": "#1_1"
        }
      }
    }
  ],
  "display": {
    "gui": {
      "rotation": [
        30,
        45,
        0
      ],
      "translation": [
        0,
        -1,
        0
      ],
      "scale": [
        0.8,
        0.8,
        0.8
      ]
    },
    "head": {
      "translation": [
        0,
        -3,
        -6
      ]
    }
  }
}
