{
  "credit": "Made_with_Blockbench",
  "texture_size": [
    32,
    32
  ],
  "textures": {
    "0": "block/3dmodel/plank_2",
    "particle": "block/3dmodel/plank_2"
  },
  "elements": [
    {
      "name": "post",
      "from": [
        6.5,
        0,
        6.5
      ],
      "to": [
        9.5,
        16,
        9.5
      ],
      "rotation": {
        "angle": 0,
        "axis": "y",
        "origin": [
          8.1,
          8,
          8.35
        ]
      },
      "faces": {
        "north": {
          "uv": [
            0,
            0,
            4.5,
            16
          ],
          "texture": "#0"
        },
        "east": {
          "uv": [
            0,
            0,
            4.5,
            16
          ],
          "texture": "#0"
        },
        "south": {
          "uv": [
            0,
            0,
            4.5,
            16
          ],
          "texture": "#0"
        },
        "west": {
          "uv": [
            0,
            0,
            4.5,
            16
          ],
          "texture": "#0"
        },
        "up": {
          "uv": [
            4.5,
            0,
            9,
            4.5
          ],
          "texture": "#0"
        },
        "down": {
          "uv": [
            4.5,
            0,
            9,
            4.5
          ],
          "texture": "#0"
        }
      }
    }
  ]
}
