{
  "credit": "Made_with_Blockbench",
  "ambientocclusion": false,
  "textures": {
    "1": "block/3dmodel/sugar_cane_leave",
    "2": "block/3dmodel/sugar_cane_top",
    "sugar_cane": "block/sugar_cane",
    "particle": "block/sugar_cane"
  },
  "elements": [
    {
      "from": [
        1,
        -2,
        13
      ],
      "to": [
        2,
        14,
        14
      ],
      "faces": {
        "north": {
          "uv": [
            13,
            0,
            14,
            16
          ],
          "texture": "#sugar_cane"
        },
        "east": {
          "uv": [
            13,
            0,
            14,
            16
          ],
          "texture": "#sugar_cane"
        },
        "south": {
          "uv": [
            13,
            0,
            14,
            16
          ],
          "texture": "#sugar_cane"
        },
        "west": {
          "uv": [
            13,
            0,
            14,
            16
          ],
          "texture": "#sugar_cane"
        },
        "up": {
          "uv": [
            9,
            0,
            12,
            3
          ],
          "texture": "#2"
        },
        "down": {
          "uv": [
            5.5,
            0,
            6.5,
            1
          ],
          "texture": "#sugar_cane"
        }
      }
    },
    {
      "from": [
        9,
        -4,
        2
      ],
      "to": [
        10.5,
        12,
        3.5
      ],
      "faces": {
        "north": {
          "uv": [
            13,
            0,
            14.5,
            16
          ],
          "texture": "#sugar_cane"
        },
        "east": {
          "uv": [
            13,
            0,
            14.5,
            16
          ],
          "texture": "#sugar_cane"
        },
        "south": {
          "uv": [
            13,
            0,
            14.5,
            16
          ],
          "texture": "#sugar_cane"
        },
        "west": {
          "uv": [
            13,
            0,
            14.5,
            16
          ],
          "texture": "#sugar_cane"
        },
        "up": {
          "uv": [
            5,
            0,
            9,
            4
          ],
          "texture": "#2"
        },
        "down": {
          "uv": [
            5,
            0,
            7,
            2
          ],
          "texture": "#sugar_cane"
        }
      }
    },
    {
      "from": [
        11,
        -6,
        14
      ],
      "to": [
        12,
        10,
        15
      ],
      "faces": {
        "north": {
          "uv": [
            13,
            0,
            14,
            16
          ],
          "texture": "#sugar_cane"
        },
        "east": {
          "uv": [
            13,
            0,
            14,
            16
          ],
          "texture": "#sugar_cane"
        },
        "south": {
          "uv": [
            13,
            0,
            14,
            16
          ],
          "texture": "#sugar_cane"
        },
        "west": {
          "uv": [
            13,
            0,
            14,
            16
          ],
          "texture": "#sugar_cane"
        },
        "up": {
          "uv": [
            9,
            0,
            12,
            3
          ],
          "texture": "#2"
        },
        "down": {
          "uv": [
            5.5,
            0,
            6.5,
            1
          ],
          "texture": "#sugar_cane"
        }
      }
    },
    {
      "from": [
        13,
        0,
        7
      ],
      "to": [
        14.5,
        16,
        8.5
      ],
      "faces": {
        "north": {
          "uv": [
            9.5,
            0,
            11.5,
            16
          ],
          "texture": "#sugar_cane"
        },
        "east": {
          "uv": [
            9.5,
            0,
            11.5,
            16
          ],
          "texture": "#sugar_cane"
        },
        "south": {
          "uv": [
            9.5,
            0,
            11.5,
            16
          ],
          "texture": "#sugar_cane"
        },
        "west": {
          "uv": [
            9.5,
            0,
            11.5,
            16
          ],
          "texture": "#sugar_cane"
        },
        "up": {
          "uv": [
            5,
            0,
            9,
            4
          ],
          "texture": "#2"
        },
        "down": {
          "uv": [
            5,
            0,
            7,
            2
          ],
          "texture": "#sugar_cane"
        }
      }
    },
    {
      "from": [
        6,
        0,
        8
      ],
      "to": [
        8,
        16,
        10
      ],
      "faces": {
        "north": {
          "uv": [
            1.5,
            0,
            3.5,
            16
          ],
          "texture": "#sugar_cane"
        },
        "east": {
          "uv": [
            1.5,
            0,
            3.5,
            16
          ],
          "texture": "#sugar_cane"
        },
        "south": {
          "uv": [
            1.5,
            0,
            3.5,
            16
          ],
          "texture": "#sugar_cane"
        },
        "west": {
          "uv": [
            1.5,
            0,
            3.5,
            16
          ],
          "texture": "#sugar_cane"
        },
        "up": {
          "uv": [
            0,
            0,
            5,
            5
          ],
          "texture": "#2"
        },
        "down": {
          "uv": [
            5,
            0,
            7,
            2
          ],
          "texture": "#sugar_cane"
        }
      }
    },
    {
      "from": [
        3,
        0,
        5
      ],
      "to": [
        4.5,
        16,
        6.5
      ],
      "faces": {
        "north": {
          "uv": [
            5,
            0,
            7,
            16
          ],
          "texture": "#sugar_cane"
        },
        "east": {
          "uv": [
            5,
            0,
            7,
            16
          ],
          "texture": "#sugar_cane"
        },
        "south": {
          "uv": [
            5,
            0,
            7,
            16
          ],
          "texture": "#sugar_cane"
        },
        "west": {
          "uv": [
            5,
            0,
            7,
            16
          ],
          "texture": "#sugar_cane"
        },
        "up": {
          "uv": [
            5,
            0,
            9,
            4
          ],
          "texture": "#2"
        },
        "down": {
          "uv": [
            5.5,
            0,
            6.5,
            1
          ],
          "texture": "#sugar_cane"
        }
      }
    },
    {
      "from": [
        14,
        14,
        8
      ],
      "to": [
        16,
        16,
        8.2
      ],
      "faces": {
        "north": {
          "uv": [
            16,
            4,
            0,
            16
          ],
          "texture": "#1"
        },
        "south": {
          "uv": [
            0,
            4,
            16,
            16
          ],
          "texture": "#1"
        }
      }
    },
    {
      "from": [
        7.9,
        14,
        9.6
      ],
      "to": [
        8.1,
        16,
        11.6
      ],
      "rotation": {
        "angle": 22.5,
        "axis": "y",
        "origin": [
          8,
          15,
          12.1
        ]
      },
      "faces": {
        "east": {
          "uv": [
            16,
            4,
            0,
            16
          ],
          "texture": "#1"
        },
        "west": {
          "uv": [
            0,
            4,
            16,
            16
          ],
          "texture": "#1"
        }
      }
    },
    {
      "from": [
        1,
        5,
        6
      ],
      "to": [
        3,
        7,
        6.2
      ],
      "faces": {
        "north": {
          "uv": [
            0,
            4,
            16,
            16
          ],
          "texture": "#1"
        },
        "south": {
          "uv": [
            16,
            4,
            0,
            16
          ],
          "texture": "#1"
        }
      }
    },
    {
      "from": [
        9.9,
        5,
        0.1
      ],
      "to": [
        10.1,
        7,
        2.1
      ],
      "rotation": {
        "angle": -45,
        "axis": "y",
        "origin": [
          10,
          6,
          2.1
        ]
      },
      "faces": {
        "east": {
          "uv": [
            0,
            4,
            16,
            16
          ],
          "texture": "#1"
        },
        "west": {
          "uv": [
            16,
            4,
            0,
            16
          ],
          "texture": "#1"
        }
      }
    },
    {
      "from": [
        1.5,
        9,
        12.83416
      ],
      "to": [
        3.5,
        11,
        13.03416
      ],
      "rotation": {
        "angle": -22.5,
        "axis": "y",
        "origin": [
          1.26538,
          10,
          13.93416
        ]
      },
      "faces": {
        "north": {
          "uv": [
            16,
            4,
            0,
            16
          ],
          "texture": "#1"
        },
        "south": {
          "uv": [
            0,
            4,
            16,
            16
          ],
          "texture": "#1"
        }
      }
    },
    {
      "from": [
        3.2,
        5,
        10
      ],
      "to": [
        5.2,
        7,
        10.2
      ],
      "rotation": {
        "angle": -22.5,
        "axis": "y",
        "origin": [
          8,
          15,
          12.1
        ]
      },
      "faces": {
        "north": {
          "uv": [
            0,
            4,
            16,
            16
          ],
          "texture": "#1"
        },
        "south": {
          "uv": [
            16,
            4,
            0,
            16
          ],
          "texture": "#1"
        }
      }
    },
    {
      "from": [
        2,
        13,
        5
      ],
      "to": [
        4,
        15,
        5.2
      ],
      "rotation": {
        "angle": -45,
        "axis": "y",
        "origin": [
          4,
          14,
          5.1
        ]
      },
      "faces": {
        "north": {
          "uv": [
            0,
            4,
            16,
            16
          ],
          "texture": "#1"
        },
        "south": {
          "uv": [
            16,
            4,
            0,
            16
          ],
          "texture": "#1"
        }
      }
    }
  ]
}
