{
	"credit": "Made with Blockbench",
	"textures": {
		"0": "block/3dmodel/ammo_crate_side_1",
		"1": "block/3dmodel/wire3",
		"2": "block/3dmodel/dirt_remove_2",
		"3": "block/3dmodel/wire4",
		"particle": "block/3dmodel/ammo_crate_side_1"
	},
	"elements": [
		{
			"from": [7.5, 0, -1.06066],
			"to": [8.5, 16, -0.06066],
			"rotation": {"angle": 45, "axis": "y", "origin": [8, 8, 8]},
			"faces": {
				"north": {"uv": [15, 0, 16, 16], "texture": "#0"},
				"east": {"uv": [0, 0, 1, 16], "texture": "#0"},
				"south": {"uv": [15, 0, 16, 16], "texture": "#0"},
				"west": {"uv": [0, 0, 1, 16], "texture": "#0"},
				"up": {"uv": [0, 0, 1, 1], "texture": "#0"},
				"down": {"uv": [0, 0, 1, 1], "texture": "#0"}
			}
		},
		{
			"from": [-1.06066, 0, 7.5],
			"to": [-0.06066, 16, 8.5],
			"rotation": {"angle": 45, "axis": "y", "origin": [8, 8, 8]},
			"faces": {
				"north": {"uv": [0, 0, 1, 16], "texture": "#0"},
				"east": {"uv": [15, 0, 16, 16], "texture": "#0"},
				"south": {"uv": [0, 0, 1, 16], "texture": "#0"},
				"west": {"uv": [15, 0, 16, 16], "texture": "#0"},
				"up": {"uv": [0, 0, 1, 1], "rotation": 270, "texture": "#0"},
				"down": {"uv": [0, 0, 1, 1], "rotation": 90, "texture": "#0"}
			}
		},
		{
			"from": [16.06066, 0, 7.5],
			"to": [17.06066, 16, 8.5],
			"rotation": {"angle": 45, "axis": "y", "origin": [8, 8, 8]},
			"faces": {
				"north": {"uv": [0, 0, 1, 16], "texture": "#0"},
				"east": {"uv": [15, 0, 16, 16], "texture": "#0"},
				"south": {"uv": [0, 0, 1, 16], "texture": "#0"},
				"west": {"uv": [15, 0, 16, 16], "texture": "#0"},
				"up": {"uv": [0, 0, 1, 1], "rotation": 270, "texture": "#0"},
				"down": {"uv": [0, 0, 1, 1], "rotation": 90, "texture": "#0"}
			}
		},
		{
			"from": [-0.2747, 0.00003, 7.99998],
			"to": [7.2253, 6.00003, 7.99998],
			"rotation": {"angle": 45, "axis": "y", "origin": [8, 8, 8]},
			"faces": {
				"north": {"uv": [0, 0, 7.5, 6], "texture": "#1"},
				"south": {"uv": [8, 0, 15.5, 6], "texture": "#1"}
			}
		},
		{
			"from": [5.24526, -0.26525, 8.25929],
			"to": [11.74526, 5.73475, 8.25929],
			"rotation": {"angle": 0, "axis": "y", "origin": [6.50605, 2.98516, 9.25876]},
			"faces": {
				"north": {"uv": [5, 1.5, 0, 4.5], "rotation": 90, "texture": "#1"},
				"south": {"uv": [0, 1.5, 5, 4.5], "rotation": 90, "texture": "#1"}
			}
		},
		{
			"from": [7.50181, -0.26525, 3.9896],
			"to": [7.50181, 5.73475, 10.4896],
			"rotation": {"angle": 0, "axis": "y", "origin": [6.5049, 2.73518, 9.24922]},
			"faces": {
				"east": {"uv": [5, 1.5, 0, 4.5], "rotation": 90, "texture": "#1"},
				"west": {"uv": [0, 1.5, 5, 4.5], "rotation": 90, "texture": "#1"}
			}
		},
		{
			"from": [5.24874, -0.26875, 6.25929],
			"to": [11.74874, 5.73125, 6.25929],
			"rotation": {"angle": 0, "axis": "y", "origin": [6.50605, 2.98516, 9.25876]},
			"faces": {
				"north": {"uv": [5, 1.5, 0, 4.5], "rotation": 90, "texture": "#1"},
				"south": {"uv": [0, 1.5, 5, 4.5], "rotation": 90, "texture": "#1"}
			}
		},
		{
			"from": [9.5018, -0.26875, 3.99308],
			"to": [9.5018, 5.73125, 10.49308],
			"rotation": {"angle": 0, "axis": "y", "origin": [6.5049, 2.73518, 9.24922]},
			"faces": {
				"east": {"uv": [5, 1.5, 0, 4.5], "rotation": 90, "texture": "#1"},
				"west": {"uv": [0, 1.5, 5, 4.5], "rotation": 90, "texture": "#1"}
			}
		},
		{
			"from": [0, 0.05, 0],
			"to": [16, 0.05, 16],
			"faces": {
				"up": {"uv": [0, 0, 16, 16], "texture": "#2"}
			}
		},
		{
			"from": [6.98604, 0.00177, 6.01219],
			"to": [9.98604, 6.00177, 9.01219],
			"faces": {
				"north": {"uv": [0, 10, 3, 16], "texture": "#3"},
				"east": {"uv": [0, 10, 3, 16], "texture": "#3"},
				"south": {"uv": [0, 10, 3, 16], "texture": "#3"},
				"west": {"uv": [0, 10, 3, 16], "texture": "#3"},
				"up": {"uv": [6, 11, 10.5, 15.5], "texture": "#3"}
			}
		}
	],
	"display": {
		"thirdperson_righthand": {
			"rotation": [75, 45, 0],
			"translation": [0, 2.5, 0],
			"scale": [0.375, 0.375, 0.375]
		},
		"thirdperson_lefthand": {
			"rotation": [75, 45, 0],
			"translation": [0, 2.5, 0],
			"scale": [0.375, 0.375, 0.375]
		},
		"firstperson_righthand": {
			"rotation": [0, 45, 0],
			"scale": [0.4, 0.4, 0.4]
		},
		"firstperson_lefthand": {
			"rotation": [0, 225, 0],
			"scale": [0.4, 0.4, 0.4]
		},
		"ground": {
			"translation": [0, 3, 0],
			"scale": [0.25, 0.25, 0.25]
		},
		"gui": {
			"rotation": [30, 225, 0],
			"scale": [0.625, 0.625, 0.625]
		},
		"fixed": {
			"scale": [0.5, 0.5, 0.5]
		}
	}
}