{
	"credit": "Made with Blockbench",
	"textures": {
		"0": "block/3dmodel/ammo_crate_side_1",
		"1": "block/3dmodel/wire3",
		"2": "block/3dmodel/dirt_remove_2",
		"3": "block/3dmodel/wire4",
		"particle": "block/3dmodel/ammo_crate_side_1"
	},
	"elements": [
		{
			"from": [2.47032, -0.01569, -0.82576],
			"to": [18.47032, 0.98431, 0.17424],
			"rotation": {"angle": -22.5, "axis": "y", "origin": [4.92562, 0.49997, 1.95292]},
			"faces": {
				"north": {"uv": [0, 0, 1, 16], "rotation": 270, "texture": "#0"},
				"east": {"uv": [0, 0, 1, 1], "texture": "#0"},
				"south": {"uv": [0, 0, 1, 16], "rotation": 90, "texture": "#0"},
				"west": {"uv": [0, 0, 1, 1], "rotation": 180, "texture": "#0"},
				"up": {"uv": [15, 0, 16, 16], "rotation": 90, "texture": "#0"},
				"down": {"uv": [15, 0, 16, 16], "rotation": 90, "texture": "#0"}
			}
		},
		{
			"from": [-1.06066, 0, 7.5],
			"to": [-0.06066, 16, 8.5],
			"rotation": {"angle": 45, "axis": "y", "origin": [8, 8, 8]},
			"faces": {
				"north": {"uv": [0, 0, 1, 16], "texture": "#0"},
				"east": {"uv": [15, 0, 16, 16], "texture": "#0"},
				"south": {"uv": [0, 0, 1, 16], "texture": "#0"},
				"west": {"uv": [15, 0, 16, 16], "texture": "#0"},
				"up": {"uv": [0, 0, 1, 1], "rotation": 270, "texture": "#0"},
				"down": {"uv": [0, 0, 1, 1], "rotation": 90, "texture": "#0"}
			}
		},
		{
			"from": [3.24178, -0.25827, 10.25579],
			"to": [9.74178, 5.74173, 10.25579],
			"rotation": {"angle": 0, "axis": "y", "origin": [6.50605, 2.98516, 9.25876]},
			"faces": {
				"north": {"uv": [5, 1.5, 0, 4.5], "rotation": 90, "texture": "#1"},
				"south": {"uv": [0, 1.5, 5, 4.5], "rotation": 90, "texture": "#1"}
			}
		},
		{
			"from": [5.49833, -0.25827, 5.9861],
			"to": [5.49833, 5.74173, 12.4861],
			"rotation": {"angle": 0, "axis": "y", "origin": [6.5049, 2.73518, 9.24922]},
			"faces": {
				"east": {"uv": [5, 1.5, 0, 4.5], "rotation": 90, "texture": "#1"},
				"west": {"uv": [0, 1.5, 5, 4.5], "rotation": 90, "texture": "#1"}
			}
		},
		{
			"from": [3.24527, -0.26176, 8.2558],
			"to": [9.74527, 5.73824, 8.2558],
			"rotation": {"angle": 0, "axis": "y", "origin": [6.50605, 2.98516, 9.25876]},
			"faces": {
				"north": {"uv": [5, 1.5, 0, 4.5], "rotation": 90, "texture": "#1"},
				"south": {"uv": [0, 1.5, 5, 4.5], "rotation": 90, "texture": "#1"}
			}
		},
		{
			"from": [7.49832, -0.26176, 5.98958],
			"to": [7.49832, 5.73824, 12.48958],
			"rotation": {"angle": 0, "axis": "y", "origin": [6.5049, 2.73518, 9.24922]},
			"faces": {
				"east": {"uv": [5, 1.5, 0, 4.5], "rotation": 90, "texture": "#1"},
				"west": {"uv": [0, 1.5, 5, 4.5], "rotation": 90, "texture": "#1"}
			}
		},
		{
			"from": [0, 0.05, 0],
			"to": [16, 0.05, 16],
			"faces": {
				"up": {"uv": [0, 0, 16, 16], "texture": "#2"}
			}
		},
		{
			"from": [4.98256, 0.00876, 8.0087],
			"to": [7.98256, 6.00876, 11.0087],
			"faces": {
				"north": {"uv": [0, 10, 3, 16], "texture": "#3"},
				"east": {"uv": [0, 10, 3, 16], "texture": "#3"},
				"south": {"uv": [0, 10, 3, 16], "texture": "#3"},
				"west": {"uv": [0, 10, 3, 16], "texture": "#3"},
				"up": {"uv": [6, 11, 10.5, 15.5], "texture": "#3"}
			}
		}
	],
	"display": {
		"thirdperson_righthand": {
			"rotation": [75, 45, 0],
			"translation": [0, 2.5, 0],
			"scale": [0.375, 0.375, 0.375]
		},
		"thirdperson_lefthand": {
			"rotation": [75, 45, 0],
			"translation": [0, 2.5, 0],
			"scale": [0.375, 0.375, 0.375]
		},
		"firstperson_righthand": {
			"rotation": [0, 45, 0],
			"scale": [0.4, 0.4, 0.4]
		},
		"firstperson_lefthand": {
			"rotation": [0, 225, 0],
			"scale": [0.4, 0.4, 0.4]
		},
		"ground": {
			"translation": [0, 3, 0],
			"scale": [0.25, 0.25, 0.25]
		},
		"gui": {
			"rotation": [30, 225, 0],
			"scale": [0.625, 0.625, 0.625]
		},
		"fixed": {
			"scale": [0.5, 0.5, 0.5]
		}
	}
}