{
	"credit": "Made with Blockbench",
	"textures": {
		"0": "block/3dmodel/iron_2",
		"1": "block/spruce_planks",
		"2": "block/polished_andesite",
		"3": "block/3dmodel/gun_details_1",
		"4": "block/3dmodel/plank_1",
		"particle": "block/polished_andesite"
	},
	"elements": [
		{
			"name": "barrel",
			"from": [7.4, 12.5, 10.8],
			"to": [8.6, 13.7, 21.4],
			"faces": {
				"east": {"uv": [2, 1, 12.6, 2.2], "texture": "#0"},
				"south": {"uv": [5.75, 3, 8, 5.25], "texture": "#3"},
				"west": {"uv": [2, 1, 12.6, 2.2], "texture": "#0"},
				"up": {"uv": [4, 0, 6, 8.4], "texture": "#0"},
				"down": {"uv": [0, 0, 2, 8], "texture": "#0"}
			}
		},
		{
			"name": "body",
			"from": [7.2, 12.3, 4.1],
			"to": [8.8, 13.9, 6.5],
			"faces": {
				"north": {"uv": [0, 0, 1.6, 1.6], "texture": "#0"},
				"east": {"uv": [2, 1, 13.4, 4], "texture": "#0"},
				"west": {"uv": [2, 1, 13.4, 4], "texture": "#0"},
				"up": {"uv": [4, 0, 6, 8.4], "texture": "#0"},
				"down": {"uv": [0, 0, 2, 8], "texture": "#0"}
			}
		},
		{
			"name": "body",
			"from": [7.35, 10.9, 9.2],
			"to": [8.65, 12.9, 14.6],
			"faces": {
				"east": {"uv": [0, 0, 5.4, 2], "texture": "#0"},
				"south": {"uv": [0, 0, 1, 0.4], "texture": "#0"},
				"west": {"uv": [0, 0, 5.4, 2], "texture": "#0"},
				"up": {"uv": [0, 0, 1, 8.8], "texture": "#0"},
				"down": {"uv": [0, 0, 1, 8.8], "texture": "#0"}
			}
		},
		{
			"name": "body",
			"from": [7.1, 8.7, 6.8],
			"to": [8.9, 12, 9.9],
			"rotation": {"angle": 0, "axis": "y", "origin": [15, 8, 8]},
			"faces": {
				"east": {"uv": [2.5, 0.5, 5.6, 3.8], "texture": "#0"},
				"south": {"uv": [2.5, 0.5, 4.3, 3.8], "texture": "#0"},
				"west": {"uv": [2.5, 0.5, 5.6, 3.8], "texture": "#0"},
				"up": {"uv": [0, 0, 2, 1.3], "texture": "#0"},
				"down": {"uv": [0, 0, 2, 1.3], "texture": "#0"}
			}
		},
		{
			"name": "body",
			"from": [7, 12.1, 4.4],
			"to": [9, 14.1, 15.2],
			"faces": {
				"north": {"uv": [0, 0, 2, 2], "texture": "#0"},
				"east": {"uv": [2, 1, 12.8, 3], "texture": "#0"},
				"south": {"uv": [3, 4, 5, 6], "texture": "#0"},
				"west": {"uv": [2, 1, 12.8, 3], "texture": "#0"},
				"up": {"uv": [4, 0, 6, 10.8], "texture": "#0"},
				"down": {"uv": [0, 0, 2, 10.8], "texture": "#0"}
			}
		},
		{
			"name": "handgrip",
			"from": [6.9, 8.6, 5.9],
			"to": [9.1, 12.2, 9.5],
			"rotation": {"angle": 0, "axis": "y", "origin": [0, 8, 8]},
			"faces": {
				"north": {"uv": [5, 1, 12.7, 2.999], "rotation": 90, "texture": "#1"},
				"east": {"uv": [1.25, 0, 6.25, 8.599], "texture": "#4"},
				"south": {"uv": [5, 1, 12.7, 2.999], "rotation": 90, "texture": "#1"},
				"west": {"uv": [1.25, 0, 6.25, 8.599], "texture": "#4"},
				"up": {"uv": [0, 0, 0.2, 3], "texture": "#1"},
				"down": {"uv": [2.5, 8, 14.5, 11.6], "rotation": 90, "texture": "#1"}
			}
		},
		{
			"name": "handgrip",
			"from": [7.09508, 8.92044, 5.2],
			"to": [8.89508, 13.12044, 7.4],
			"rotation": {"angle": -22.5, "axis": "x", "origin": [7.99508, 11.02044, 6.01791]},
			"faces": {
				"north": {"uv": [5, 1, 12.7, 2.999], "rotation": 90, "texture": "#1"},
				"east": {"uv": [1.25, 0, 6.25, 8.599], "texture": "#4"},
				"west": {"uv": [1.25, 0, 6.25, 8.599], "texture": "#4"}
			}
		},
		{
			"name": "handgrip",
			"from": [6.9, 1.5, 5.6],
			"to": [9.1, 2.9, 8.4],
			"rotation": {"angle": 22.5, "axis": "x", "origin": [8, 8, 8]},
			"faces": {
				"north": {"uv": [1, 1.25, 3.2, 2.65], "texture": "#4"},
				"east": {"uv": [1, 1.25, 3.8, 2.65], "texture": "#4"},
				"south": {"uv": [1.75, 3.25, 3.95, 4.65], "texture": "#4"},
				"west": {"uv": [1, 1.25, 3.8, 2.65], "texture": "#4"},
				"down": {"uv": [10, 1, 12.2, 3.297], "texture": "#1"}
			}
		},
		{
			"name": "handgrip",
			"from": [7, 2, 5.3],
			"to": [9, 9.7, 8.9],
			"rotation": {"angle": 22.5, "axis": "x", "origin": [8, 8, 8]},
			"faces": {
				"north": {"uv": [5, 1, 12.7, 2.999], "rotation": 90, "texture": "#1"},
				"east": {"uv": [5, 1, 12.7, 2.999], "rotation": 90, "texture": "#1"},
				"south": {"uv": [5, 1, 12.7, 2.999], "rotation": 90, "texture": "#1"},
				"west": {"uv": [5, 1, 12.7, 2.999], "rotation": 90, "texture": "#1"},
				"up": {"uv": [2.5, 8, 14.5, 11.6], "rotation": 90, "texture": "#1"},
				"down": {"uv": [2.5, 8, 6.1, 10], "rotation": 90, "texture": "#1"}
			}
		},
		{
			"name": "handgrip",
			"from": [6.8, 1.9, 5.5],
			"to": [9.2, 9.5, 8.5],
			"rotation": {"angle": 22.5, "axis": "x", "origin": [8, 8, 8]},
			"faces": {
				"north": {"uv": [1, 1.25, 6.25, 14.349], "texture": "#4"},
				"east": {"uv": [6.25, 1.25, 1, 14.349], "texture": "#4"},
				"south": {"uv": [1.75, 3.25, 2.5, 14.099], "texture": "#4"},
				"west": {"uv": [1, 1.25, 6.25, 14.349], "texture": "#4"},
				"up": {"uv": [0, 0, 0.2, 3], "texture": "#1"},
				"down": {"uv": [0, 12, 2.4, 14.999], "texture": "#1"}
			}
		},
		{
			"name": "latch",
			"from": [6.8, 13.95, 6.35],
			"to": [9.2, 14.55, 7.65],
			"faces": {
				"north": {"uv": [4, 0, 6.4, 0.6], "rotation": 180, "texture": "#0"},
				"east": {"uv": [4, 0, 4.6, 1.3], "rotation": 90, "texture": "#0"},
				"south": {"uv": [4, 0, 6.4, 0.6], "texture": "#0"},
				"west": {"uv": [4, 0, 4.6, 1.3], "rotation": 270, "texture": "#0"},
				"up": {"uv": [4, 0, 6.4, 1.3], "texture": "#0"},
				"down": {"uv": [4, 0, 6.4, 1.3], "rotation": 180, "texture": "#0"}
			}
		},
		{
			"name": "latch",
			"from": [9.225, 13.5, 6.3],
			"to": [9.225, 14.9, 7.7],
			"rotation": {"angle": 0, "axis": "y", "origin": [8.025, 8, 8]},
			"faces": {
				"east": {"uv": [11, 0, 12.75, 1.9], "texture": "#3"}
			}
		},
		{
			"name": "latch",
			"from": [6.8, 13.6, 6.7],
			"to": [9.2, 14.9, 7.3],
			"faces": {
				"north": {"uv": [4, 0, 6.4, 1.3], "texture": "#0"},
				"east": {"uv": [4, 0, 4.6, 1.3], "texture": "#0"},
				"south": {"uv": [4, 0, 6.4, 1.3], "texture": "#0"},
				"west": {"uv": [4, 0, 4.6, 1.3], "texture": "#0"},
				"up": {"uv": [4, 0, 6.4, 0.6], "texture": "#0"},
				"down": {"uv": [4, 0, 6.4, 0.6], "texture": "#0"}
			}
		},
		{
			"name": "latch",
			"from": [7.3, 14.1, 4.8],
			"to": [8.7, 14.75, 7.05],
			"faces": {
				"north": {"uv": [0, 0.25, 1.4, 0.65], "texture": "#0"},
				"east": {"uv": [0, 0.25, 2, 0.65], "texture": "#0"},
				"south": {"uv": [0, 0.25, 1.4, 0.65], "texture": "#0"},
				"west": {"uv": [0, 0.25, 2, 0.65], "texture": "#0"},
				"up": {"uv": [14, 3, 15.4, 5], "texture": "#0"}
			}
		},
		{
			"name": "latch",
			"from": [7.3, 14.1, 7.55],
			"to": [8.7, 14.5, 9.3],
			"faces": {
				"north": {"uv": [0, 0.25, 1.4, 0.65], "texture": "#0"},
				"east": {"uv": [0, 0.25, 2, 0.65], "texture": "#0"},
				"south": {"uv": [0, 0.25, 1.4, 0.65], "texture": "#0"},
				"west": {"uv": [0, 0.25, 2, 0.65], "texture": "#0"},
				"up": {"uv": [14, 3, 15.4, 5], "texture": "#0"}
			}
		},
		{
			"name": "latch",
			"from": [6.8, 13.78, 6.5],
			"to": [9.2, 14.68, 7.5],
			"faces": {
				"north": {"uv": [4, 0, 6.4, 0.9], "rotation": 180, "texture": "#0"},
				"east": {"uv": [4, 0, 4.9, 1], "rotation": 90, "texture": "#0"},
				"south": {"uv": [4, 0, 6.4, 0.9], "texture": "#0"},
				"west": {"uv": [4, 0, 4.9, 1], "rotation": 270, "texture": "#0"},
				"up": {"uv": [4, 0, 6.4, 1], "texture": "#0"},
				"down": {"uv": [4, 0, 6.4, 1], "rotation": 180, "texture": "#0"}
			}
		},
		{
			"name": "latch",
			"from": [6.775, 13.5, 6.3],
			"to": [6.775, 14.9, 7.7],
			"rotation": {"angle": 0, "axis": "y", "origin": [9.225, 8, 8]},
			"faces": {
				"west": {"uv": [11, 0, 12.75, 1.9], "texture": "#3"}
			}
		},
		{
			"name": "sight",
			"from": [7.85, 13.2, 20.1],
			"to": [8.15, 14.6, 21.1],
			"faces": {
				"north": {"uv": [3.5, 1.5, 3.8, 2.9], "rotation": 180, "texture": "#0"},
				"east": {"uv": [3.5, 1.5, 4.5, 2.9], "rotation": 180, "texture": "#0"},
				"south": {"uv": [3.5, 1.5, 3.8, 2.9], "rotation": 180, "texture": "#0"},
				"west": {"uv": [3.5, 1.5, 6.25, 4.55], "rotation": 180, "texture": "#0"},
				"up": {"uv": [3.5, 1.5, 3.8, 2.5], "rotation": 180, "texture": "#0"}
			}
		},
		{
			"name": "tigger",
			"from": [7.5, 8.8869, 12.5669],
			"to": [8.5, 11.6869, 12.9669],
			"rotation": {"angle": 0, "axis": "y", "origin": [8, 7.9869, 7.9669]},
			"faces": {
				"north": {"uv": [0, 0, 1, 2.8], "texture": "#0"},
				"east": {"uv": [0, 0, 0.4, 2.8], "texture": "#0"},
				"south": {"uv": [0, 0, 1, 2.8], "texture": "#0"},
				"west": {"uv": [0, 0, 0.4, 2.8], "texture": "#0"},
				"down": {"uv": [0, 0, 1, 0.4], "texture": "#0"}
			}
		},
		{
			"name": "tigger",
			"from": [7.8, 9.5, 10.4],
			"to": [8.2, 12.9, 11.2],
			"faces": {
				"north": {"uv": [0, 0, 0.4, 3.4], "texture": "#0"},
				"east": {"uv": [10, 8, 11.299, 12.4], "texture": "#2"},
				"south": {"uv": [9, 8, 9.799, 12.4], "rotation": 180, "texture": "#2"},
				"west": {"uv": [10, 8, 11.299, 12.4], "texture": "#2"},
				"down": {"uv": [0, 0, 0.4, 1.3], "texture": "#0"}
			}
		},
		{
			"name": "tigger",
			"from": [7.51, 5.07766, 11.32058],
			"to": [8.49, 5.45766, 12.15058],
			"rotation": {"angle": -45, "axis": "x", "origin": [8, 7.96766, 7.96058]},
			"faces": {
				"north": {"uv": [0, 0, 1, 0.4], "texture": "#0"},
				"east": {"uv": [0, 0, 0.83, 0.38], "texture": "#0"},
				"west": {"uv": [0, 0, 0.83, 0.38], "texture": "#0"},
				"up": {"uv": [0, 0, 1, 0.8], "texture": "#0"},
				"down": {"uv": [0, 0, 1, 0.8], "texture": "#0"}
			}
		},
		{
			"name": "tigger",
			"from": [7.5, 8.3, 10.4],
			"to": [8.5, 8.7, 12.38],
			"faces": {
				"north": {"uv": [0, 0, 1, 0.4], "texture": "#0"},
				"east": {"uv": [0, 0, 1.98, 0.4], "texture": "#0"},
				"south": {"uv": [0, 0, 1, 0.4], "texture": "#0"},
				"west": {"uv": [0, 0, 1.98, 0.4], "texture": "#0"},
				"up": {"uv": [0, 0, 1, 3.8], "texture": "#0"},
				"down": {"uv": [0, 0, 1, 1.98], "texture": "#0"}
			}
		},
		{
			"name": "tigger",
			"from": [7.9, 9.3, 10.5],
			"to": [8.1, 9.5, 11.6],
			"faces": {
				"north": {"uv": [5.25, 8, 6.299, 9.15], "texture": "#2"},
				"east": {"uv": [5.25, 8, 9.299, 9.15], "texture": "#2"},
				"south": {"uv": [5.25, 8, 6.299, 9.15], "texture": "#2"},
				"west": {"uv": [5.25, 8, 9.299, 9.15], "texture": "#2"},
				"up": {"uv": [5.25, 8, 9.299, 9.15], "rotation": 90, "texture": "#2"},
				"down": {"uv": [5.25, 8, 9.299, 9.15], "rotation": 90, "texture": "#2"}
			}
		},
		{
			"name": "tigger",
			"from": [7.51, 8.3128, 10.0509],
			"to": [8.49, 9.4428, 10.4309],
			"rotation": {"angle": -45, "axis": "x", "origin": [8, 8.7278, 10.2409]},
			"faces": {
				"north": {"uv": [0, 0, 1, 0.8], "rotation": 180, "texture": "#0"},
				"east": {"uv": [0, 0, 0.83, 0.38], "rotation": 90, "texture": "#0"},
				"south": {"uv": [0, 0, 1, 0.8], "texture": "#0"},
				"west": {"uv": [0, 0, 1.13, 0.38], "rotation": 270, "texture": "#0"},
				"down": {"uv": [0, 0, 0.98, 0.38], "rotation": 180, "texture": "#0"}
			}
		}
	],
	"display": {
		"thirdperson_righthand": {
			"rotation": [180, 0, 180],
			"translation": [0, -1.25, -0.6],
			"scale": [0.63, 0.57, 0.6]
		},
		"firstperson_righthand": {
			"rotation": [53, 180, -2],
			"translation": [1.5, 2, -0.75],
			"scale": [0.6, 0.65, 0.65]
		},
		"ground": {
			"translation": [0, 4, 0],
			"scale": [0.4, 0.4, 0.4]
		},
		"gui": {
			"rotation": [-57, 59, 59],
			"translation": [-3.25, -3.35, 0.4],
			"scale": [0.3, 0.87, 0.83]
		},
		"fixed": {
			"rotation": [0, 90, 0],
			"translation": [-5, -1.25, -0.75],
			"scale": [0.8, 0.8, 0.8]
		}
	}
}