{
	"credit": "Made with Blockbench",
	"texture_size": [32, 32],
	"textures": {
		"0": "block/3dmodel/woodx64_1",
		"1": "block/3dmodel/iron",
		"3": "block/3dmodel/iron_3",
		"4": "block/3dmodel/iron_1",
		"particle": "block/3dmodel/woodx32_2",
		"1_0": "block/3dmodel/woodx32_2",
		"1_3": "block/3dmodel/gun_details_1"
	},
	"elements": [
		{
			"name": "butt",
			"from": [7.10607, -0.22129, -3.23264],
			"to": [8.88607, 2.75871, -1.95264],
			"rotation": {"angle": 45, "axis": "x", "origin": [8.09607, 5.11135, 1.49495]},
			"faces": {
				"north": {"uv": [6.8, 0, 0, 4.6], "rotation": 90, "texture": "#1_0"},
				"east": {"uv": [0, 12, 5.5495, 14.347], "rotation": 270, "texture": "#1_0"},
				"south": {"uv": [6.05, 11.75, 0, 15.849], "rotation": 90, "texture": "#1_0"},
				"west": {"uv": [0, 12, 5.5495, 14.347], "rotation": 270, "texture": "#1_0"},
				"down": {"uv": [2, 0, 0, 2.8], "texture": "#1_0"}
			}
		},
		{
			"name": "butt",
			"from": [7.05, 9.9961, -3.14328],
			"to": [8.95, 11.3961, -0.54328],
			"rotation": {"angle": -22.5, "axis": "x", "origin": [8.05, 8, 8]},
			"faces": {
				"north": {"uv": [2, 0, 0, 1.3], "texture": "#1_0", "cullface": "north"},
				"east": {"uv": [11, 9.4995, 15.7985, 12.6975], "texture": "#1_0", "cullface": "west"},
				"west": {"uv": [15.7985, 9.4995, 11, 12.6975], "texture": "#1_0", "cullface": "west"},
				"up": {"uv": [4.3, 5.5, 0, 10.349], "rotation": 90, "texture": "#1_0", "cullface": "up"},
				"down": {"uv": [5.55, 11.75, 0, 15.849], "rotation": 90, "texture": "#1_0", "cullface": "down"}
			}
		},
		{
			"name": "butt",
			"from": [7.01, 4.61, -8.89],
			"to": [8.99, 6.79, -6.11],
			"rotation": {"angle": 0, "axis": "y", "origin": [8.00032, 8, 8]},
			"faces": {
				"north": {"uv": [6.8, 0, 0, 4.6], "rotation": 90, "texture": "#1_0"},
				"east": {"uv": [5.9995, 0, 9.798, 3.599], "texture": "#1_0"},
				"south": {"uv": [8.55, 0, 0, 3.6], "rotation": 90, "texture": "#1_0"},
				"west": {"uv": [9.798, 0, 5.9995, 3.599], "texture": "#1_0"},
				"up": {"uv": [9.8, 5.5, 0, 10.349], "rotation": 90, "texture": "#1_0"},
				"down": {"uv": [2, 0, 0, 2.8], "texture": "#1_0"}
			}
		},
		{
			"name": "butt",
			"from": [7.03, 2.53, -14.77],
			"to": [8.97, 5.57, -10.93],
			"rotation": {"angle": 0, "axis": "y", "origin": [8.00032, 8, 8]},
			"faces": {
				"north": {"uv": [6.8, 0, 0, 4.6], "rotation": 90, "texture": "#1_0"},
				"east": {"uv": [4.3, 2.4995, 0, 7.099], "texture": "#1_0"},
				"south": {"uv": [2, 0, 0, 3.1], "texture": "#1_0"},
				"west": {"uv": [4.3, 2.4995, 0, 7.099], "texture": "#1_0"},
				"up": {"uv": [15.8, 0, 0, 4.6], "rotation": 90, "texture": "#1_0"},
				"down": {"uv": [2, 0, 0, 3.9], "texture": "#1_0"}
			}
		},
		{
			"name": "butt",
			"from": [7.01, 3.51, -15],
			"to": [8.99, 6.59, -8.9],
			"rotation": {"angle": 0, "axis": "y", "origin": [8.00032, 8, 8]},
			"faces": {
				"north": {"uv": [0, 0.5, 2.2995, 5.348], "texture": "#1_0"},
				"east": {"uv": [7.798, 0, 0, 5.099], "texture": "#1_0"},
				"south": {"uv": [0, 0.5, 2.2995, 5.348], "texture": "#1_0"},
				"west": {"uv": [0, 0, 7.798, 5.099], "texture": "#1_0"},
				"up": {"uv": [0, 5.5, 15.8, 10.349], "rotation": 90, "texture": "#1_0"},
				"down": {"uv": [0, 0, 2, 3.9], "texture": "#1_0"}
			}
		},
		{
			"name": "butt",
			"from": [7, 12.44527, -8.63045],
			"to": [9, 13.94527, -3.48045],
			"rotation": {"angle": -22.5, "axis": "x", "origin": [8.002, 10.44917, 13.91283]},
			"faces": {
				"north": {"uv": [0, 0, 6.8, 4.6], "rotation": 90, "texture": "#1_0"},
				"east": {"uv": [0, 10.999, 8.297, 13.3455], "texture": "#1_0"},
				"south": {"uv": [0, 3, 0.9995, 3.75], "texture": "#1_0"},
				"west": {"uv": [8.297, 10.999, 0, 13.3455], "texture": "#1_0"},
				"up": {"uv": [0, 5.5, 15.8, 10.349], "rotation": 90, "texture": "#1_0"},
				"down": {"uv": [0, 11.75, 15.8, 15.849], "rotation": 90, "texture": "#1_0"}
			}
		},
		{
			"name": "butt",
			"from": [7, 9.9961, -14.54328],
			"to": [9, 11.4961, -8.14328],
			"rotation": {"angle": -22.5, "axis": "x", "origin": [8.002, 8, 8]},
			"faces": {
				"north": {"uv": [6.8, 0, 0, 4.6], "rotation": 90, "texture": "#1_0"},
				"east": {"uv": [9.298, 10.999, 0, 13.3455], "texture": "#1_0"},
				"south": {"uv": [2, 0, 0, 1.3], "texture": "#1_0"},
				"west": {"uv": [0, 10.999, 9.298, 13.3455], "texture": "#1_0"},
				"up": {"uv": [15.8, 5.5, 0, 10.349], "rotation": 90, "texture": "#1_0"},
				"down": {"uv": [15.8, 11.75, 0, 15.849], "rotation": 90, "texture": "#1_0"}
			}
		},
		{
			"name": "butt",
			"from": [6.96, -3.34736, 4.76736],
			"to": [9.04, -2.66736, 5.44736],
			"rotation": {"angle": -45, "axis": "x", "origin": [8, 4.12523, -6.40686]},
			"faces": {
				"north": {"uv": [0, 0, 2.05, 0.599], "rotation": 270, "texture": "#1_3"},
				"east": {"uv": [0.5, 0.5, 2.3, 2.349], "rotation": 270, "texture": "#1_3"},
				"south": {"uv": [0, 0, 2.05, 0.599], "rotation": 270, "texture": "#1_3"},
				"west": {"uv": [0.5, 0.5, 2.3, 2.349], "rotation": 90, "texture": "#1_3"},
				"up": {"uv": [0, 0, 2.05, 0.599], "rotation": 270, "texture": "#1_3"},
				"down": {"uv": [0, 0, 2.05, 0.599], "rotation": 270, "texture": "#1_3"}
			}
		},
		{
			"name": "butt",
			"from": [7.02, 3.0239, -6.02328],
			"to": [8.98, 4.3839, -4.66328],
			"rotation": {"angle": 22.5, "axis": "x", "origin": [8, 5.80797, -0.13173]},
			"faces": {
				"east": {"uv": [8.549, 0, 6, 2.599], "texture": "#1_0"},
				"south": {"uv": [0, 0, 2, 1.4], "texture": "#1_0"},
				"west": {"uv": [6, 0, 8.549, 2.599], "texture": "#1_0"},
				"up": {"uv": [0, 5.25, 5.55, 10.099], "rotation": 90, "texture": "#1_0"},
				"down": {"uv": [0, 0, 0.98, 0.68], "texture": "#1_0"}
			}
		},
		{
			"name": "butt",
			"from": [6.91, 7.87787, -11.1395],
			"to": [9.09, 8.85787, -10.1595],
			"rotation": {"angle": -45, "axis": "x", "origin": [7.95, 4.12523, -6.40686]},
			"faces": {
				"north": {"uv": [0, 0, 2.05, 0.599], "rotation": 270, "texture": "#1_3"},
				"east": {"uv": [0.5, 0.5, 2.3, 2.349], "rotation": 270, "texture": "#1_3"},
				"south": {"uv": [0, 0, 2.05, 0.599], "rotation": 270, "texture": "#1_3"},
				"west": {"uv": [0.5, 0.5, 2.3, 2.349], "rotation": 90, "texture": "#1_3"},
				"up": {"uv": [0, 0, 2.05, 0.599], "rotation": 270, "texture": "#1_3"},
				"down": {"uv": [0, 0, 2.05, 0.599], "rotation": 270, "texture": "#1_3"}
			}
		},
		{
			"name": "butt",
			"from": [7.12, 1.76386, -5.17878],
			"to": [8.88, 3.87386, -4.01878],
			"rotation": {"angle": 22.5, "axis": "x", "origin": [8.1, 4.69773, -0.20718]},
			"faces": {
				"north": {"uv": [2.048, 12, 0, 14.847], "texture": "#1_0"},
				"east": {"uv": [2.048, 12, 0, 14.847], "texture": "#1_0"},
				"south": {"uv": [5.55, 7.75, 0, 13.599], "texture": "#1_0"},
				"west": {"uv": [2.048, 12, 0, 14.847], "texture": "#1_0"},
				"down": {"uv": [3.8, 11.75, 0, 15.849], "rotation": 90, "texture": "#1_0"}
			}
		},
		{
			"name": "butt",
			"from": [6.99, 1.2, -15.1],
			"to": [9.01, 5.6, -13.58],
			"rotation": {"angle": 0, "axis": "y", "origin": [8.00042, 8, 8]},
			"faces": {
				"north": {"uv": [15.7955, 7.5, 13.4995, 13.5955], "texture": "#1_0"},
				"east": {"uv": [15.7965, 7.5, 13.9995, 13.596], "texture": "#1_0"},
				"south": {"uv": [2, 0, 0, 2.2], "texture": "#1_0"},
				"west": {"uv": [15.7965, 7.5, 13.9995, 13.596], "texture": "#1_0"},
				"up": {"uv": [8.55, 0, 0, 3.6], "rotation": 90, "texture": "#1_0"},
				"down": {"uv": [1.9995, 12.499, 0, 14.9985], "texture": "#1_0"}
			}
		},
		{
			"name": "barrel",
			"from": [5.3435, 8.1, 0.5],
			"to": [8.3435, 8.6, 1],
			"faces": {
				"north": {"uv": [0, 0, 4.7495, 0.7495], "texture": "#3"},
				"east": {"uv": [0, 7, 5, 8], "texture": "#1"},
				"south": {"uv": [0, 0, 4.7495, 0.7495], "texture": "#3"},
				"west": {"uv": [0, 7, 5, 8], "texture": "#1"},
				"up": {"uv": [0, 0, 4.7495, 0.7495], "texture": "#3"},
				"down": {"uv": [0, 0, 4.7495, 0.7495], "texture": "#3"}
			}
		},
		{
			"name": "barrel",
			"from": [7.56, 7.9, -0.3],
			"to": [8.44, 8.78, 6.28],
			"rotation": {"angle": 0, "axis": "y", "origin": [4, 8, 8]},
			"faces": {
				"north": {"uv": [0, 8.25, 1, 10.25], "rotation": 90, "texture": "#3"},
				"east": {"uv": [0, 15, 5.9995, 15.997], "rotation": 180, "texture": "#3"},
				"south": {"uv": [0, 8.25, 1, 10.25], "rotation": 90, "texture": "#3"},
				"west": {"uv": [0, 15, 5.9995, 15.997], "texture": "#3"},
				"up": {"uv": [0, 15, 5.9995, 15.997], "rotation": 90, "texture": "#3"},
				"down": {"uv": [0, 15, 5.9995, 15.997], "rotation": 270, "texture": "#3"}
			}
		},
		{
			"name": "barrel",
			"from": [5.32927, 7.959, 0.4],
			"to": [6.07927, 8.709, 1.15],
			"faces": {
				"north": {"uv": [0, 8.25, 1, 8.999], "rotation": 180, "texture": "#3"},
				"east": {"uv": [0, 8.25, 1, 10.25], "texture": "#3"},
				"south": {"uv": [0, 8.25, 1, 8.999], "rotation": 180, "texture": "#3"},
				"west": {"uv": [0, 8.25, 1, 8.999], "rotation": 180, "texture": "#3"},
				"up": {"uv": [0, 8.25, 1, 8.999], "rotation": 180, "texture": "#3"},
				"down": {"uv": [0, 8.25, 1, 8.999], "rotation": 180, "texture": "#3"}
			}
		},
		{
			"name": "barrel",
			"from": [7.58, 7.88, 11.48],
			"to": [8.42, 8.72, 21.12],
			"faces": {
				"east": {"uv": [15.899, 9.25, 0, 10.7985], "texture": "#4"},
				"south": {"uv": [5.7495, 2.9995, 7.9985, 5.249], "texture": "#1_3"},
				"west": {"uv": [0, 9.25, 15.899, 10.7985], "texture": "#4"},
				"up": {"uv": [15.899, 9.25, 0, 10.7985], "rotation": 90, "texture": "#4"},
				"down": {"uv": [15.899, 9.25, 0, 10.7985], "rotation": 90, "texture": "#4"}
			}
		},
		{
			"name": "barrel",
			"from": [7.68, 6.88, 16.33],
			"to": [8.32, 7.52, 18.02],
			"faces": {
				"north": {"uv": [0.945, 9.25, 0, 9.67], "texture": "#4"},
				"east": {"uv": [0.945, 9.25, 0, 9.67], "texture": "#4"},
				"south": {"uv": [0.945, 9.25, 0, 9.67], "texture": "#4"},
				"west": {"uv": [0.945, 9.25, 0, 9.67], "texture": "#4"},
				"up": {"uv": [0.945, 9.25, 0, 9.67], "texture": "#4"},
				"down": {"uv": [0.945, 9.25, 0, 9.67], "texture": "#4"}
			}
		},
		{
			"name": "barrel",
			"from": [7.66, 8, -0.9],
			"to": [8.34, 8.68, 0.48],
			"faces": {
				"north": {"uv": [0, 8.25, 1, 10.25], "rotation": 90, "texture": "#3"},
				"east": {"uv": [0, 8.25, 2.5, 10.25], "texture": "#3"},
				"south": {"uv": [0, 8.25, 1, 10.25], "rotation": 90, "texture": "#3"},
				"west": {"uv": [0, 8.25, 2.5, 10.25], "texture": "#3"},
				"up": {"uv": [0, 8.25, 2.5, 10.25], "rotation": 90, "texture": "#3"},
				"down": {"uv": [0, 8.25, 16, 10.25], "rotation": 90, "texture": "#3"}
			}
		},
		{
			"name": "barrel",
			"from": [7.46, 7.8, -0.4],
			"to": [8.54, 8.88, 0.38],
			"faces": {
				"north": {"uv": [0, 8.25, 0.9995, 9.999], "texture": "#3"},
				"east": {"uv": [0, 8.25, 0.9995, 9.999], "texture": "#3"},
				"south": {"uv": [0, 8.25, 1, 10.25], "rotation": 90, "texture": "#3"},
				"west": {"uv": [0, 8.25, 1, 10.25], "rotation": 90, "texture": "#3"},
				"up": {"uv": [0, 8.25, 1, 10.25], "rotation": 90, "texture": "#3"},
				"down": {"uv": [0, 8.25, 1, 10.25], "rotation": 90, "texture": "#3"}
			}
		},
		{
			"name": "barrel",
			"from": [7.46, 7.8, 1.1],
			"to": [8.54, 8.88, 1.88],
			"faces": {
				"north": {"uv": [0, 8.25, 0.9995, 9.999], "texture": "#3"},
				"east": {"uv": [0, 8.25, 0.9995, 9.999], "texture": "#3"},
				"south": {"uv": [0, 8.25, 1, 10.25], "rotation": 90, "texture": "#3"},
				"west": {"uv": [0, 8.25, 1, 10.25], "rotation": 90, "texture": "#3"},
				"up": {"uv": [0, 8.25, 1, 10.25], "rotation": 90, "texture": "#3"},
				"down": {"uv": [0, 8.25, 1, 10.25], "rotation": 90, "texture": "#3"}
			}
		},
		{
			"name": "body",
			"from": [7.3, 6.8, 15.3],
			"to": [8.7, 8.9, 16.5],
			"faces": {
				"north": {"uv": [0, 0, 2.399, 2.549], "texture": "#4"},
				"east": {"uv": [0, 0, 2.399, 2.549], "texture": "#4"},
				"south": {"uv": [0, 0, 2.399, 2.549], "texture": "#4"},
				"west": {"uv": [0, 0, 2.399, 2.549], "texture": "#4"},
				"up": {"uv": [0, 0, 4.4, 2.55], "rotation": 90, "texture": "#4"},
				"down": {"uv": [0, 0, 4.4, 2.55], "rotation": 90, "texture": "#4"}
			}
		},
		{
			"name": "body",
			"from": [7.2, 6.9, 10.25],
			"to": [8.8, 7.5, 15.3],
			"faces": {
				"east": {"uv": [0, 5.499, 11.298, 6.5925], "texture": "#1_0"},
				"south": {"uv": [0, 9, 0.8, 9.3], "texture": "#1_0"},
				"west": {"uv": [11.298, 5.499, 0, 6.5925], "texture": "#1_0"},
				"up": {"uv": [0.6, 0, 0, 12], "texture": "#1_0"},
				"down": {"uv": [15.8, 13, 0, 15.596], "rotation": 90, "texture": "#1_0"}
			}
		},
		{
			"name": "body",
			"from": [7.2, 7.5, 10.95],
			"to": [8.8, 8.3, 15.35],
			"rotation": {"angle": 0, "axis": "y", "origin": [8, 8, 8.05]},
			"faces": {
				"east": {"uv": [12.495, 2.999, 0.2495, 4.3445], "texture": "#1_0"},
				"south": {"uv": [0, 9, 0.8, 9.4], "texture": "#1_0"},
				"west": {"uv": [0.2495, 2.999, 12.495, 4.3445], "texture": "#1_0"},
				"up": {"uv": [15.8, 5.5, 0, 10.349], "rotation": 90, "texture": "#1_0"},
				"down": {"uv": [0.8, 0, 0, 13.1], "texture": "#1_0"}
			}
		},
		{
			"name": "body",
			"from": [7.4, 8.2, 10.5],
			"to": [8.6, 8.8, 13.6],
			"faces": {
				"north": {"uv": [6.05, 5.25, 0, 10.099], "rotation": 90, "texture": "#1_0"},
				"east": {"uv": [6.299, 4.5, 0, 5.8465], "texture": "#1_0"},
				"west": {"uv": [0, 4.5, 6.299, 5.8465], "texture": "#1_0"},
				"up": {"uv": [6.05, 5.25, 0, 10.099], "rotation": 90, "texture": "#1_0"}
			}
		},
		{
			"name": "body",
			"from": [7.3, 6.6, 10.4],
			"to": [8.7, 7.1, 12.2],
			"rotation": {"angle": 0, "axis": "y", "origin": [7.999, 8, 8]},
			"faces": {
				"north": {"uv": [0, 0, 2, 1.8], "texture": "#1_0"},
				"east": {"uv": [0, 9.5, 0.9, 10], "texture": "#1_0"},
				"south": {"uv": [0, 11.4995, 0.7, 11.9995], "texture": "#1_0"},
				"west": {"uv": [0, 11.4995, 0.9, 11.9995], "texture": "#1_0"},
				"down": {"uv": [11, 13, 15.8975, 15.997], "rotation": 90, "texture": "#1_0"}
			}
		},
		{
			"name": "body",
			"from": [7.2, 7.5, 5.45],
			"to": [8.8, 8.3, 10.95],
			"faces": {
				"east": {"uv": [0, 3.4995, 12.2995, 5.5975], "texture": "#1_0"},
				"south": {"uv": [10.3, 9, 0, 12.1], "texture": "#1_0"},
				"west": {"uv": [11.799, 3.4995, 0, 5.097], "texture": "#1_0"},
				"up": {"uv": [15.8, 5.5, 0, 10.349], "rotation": 90, "texture": "#1_0"},
				"down": {"uv": [0.8, 0, 0, 13.1], "texture": "#1_0"}
			}
		},
		{
			"name": "body",
			"from": [7.15, 6.85, 13.45],
			"to": [8.85, 8.95, 13.75],
			"faces": {
				"north": {"uv": [0, 0, 6.9, 3.05], "texture": "#4"},
				"east": {"uv": [0, 0, 0.65, 3.05], "texture": "#4"},
				"south": {"uv": [0, 0, 6.9, 3.05], "texture": "#4"},
				"west": {"uv": [0, 0, 0.65, 3.05], "texture": "#4"},
				"up": {"uv": [0, 0, 0.65, 3.05], "rotation": 90, "texture": "#4"},
				"down": {"uv": [0, 0, 0.65, 3.05], "rotation": 90, "texture": "#4"}
			}
		},
		{
			"name": "body",
			"from": [7.41, 7.41, 6.41],
			"to": [8.59, 8.69, 10.41],
			"faces": {
				"east": {"uv": [0, 8.5, 3.998, 10.089], "texture": "#4"},
				"west": {"uv": [0, 8.5, 3.998, 10.089], "texture": "#4"},
				"up": {"uv": [0, 8.5, 3.998, 10.089], "rotation": 90, "texture": "#4"}
			}
		},
		{
			"name": "body",
			"from": [7, 6.3, -1.2],
			"to": [9, 7.9, 7.6],
			"rotation": {"angle": 0, "axis": "y", "origin": [7.999, 8, 8]},
			"faces": {
				"north": {"uv": [15.7985, 9.4995, 11, 12.6975], "texture": "#1_0", "cullface": "west"},
				"east": {"uv": [0, 11, 14.7995, 13.847], "texture": "#1_0"},
				"south": {"uv": [0, 9.5, 1, 10.3], "texture": "#1_0"},
				"west": {"uv": [0, 11, 14.7995, 13.847], "texture": "#1_0"},
				"up": {"uv": [15.8, 5.5, 0, 10.349], "rotation": 90, "texture": "#1_0"},
				"down": {"uv": [15.8, 11.75, 0, 15.849], "rotation": 90, "texture": "#1_0"}
			}
		},
		{
			"name": "body",
			"from": [8.4, 7.8, 3.15],
			"to": [8.7, 8.7, 6.2],
			"rotation": {"angle": 0, "axis": "y", "origin": [7, 8, 7.9]},
			"faces": {
				"east": {"uv": [0.249, 14.7495, 6.3975, 15.7965], "texture": "#4"},
				"west": {"uv": [0.249, 14.7495, 6.3975, 15.7965], "texture": "#4"}
			}
		},
		{
			"name": "body",
			"from": [8.30815, 8.47824, 3.15],
			"to": [8.60815, 8.77824, 6.2],
			"rotation": {"angle": -45, "axis": "z", "origin": [8.55963, 8.62824, 10.40018]},
			"faces": {
				"north": {"uv": [0, 0, 0.15, 0.15], "rotation": 90, "texture": "#4"},
				"south": {"uv": [0, 0, 0.15, 0.15], "rotation": 270, "texture": "#4"},
				"west": {"uv": [0.2485, 15.249, 6.6465, 15.795], "texture": "#4"},
				"up": {"uv": [0.2485, 15.249, 6.6465, 15.795], "rotation": 90, "texture": "#4"},
				"down": {"uv": [0.2485, 15.249, 6.6465, 15.795], "rotation": 90, "texture": "#4"}
			}
		},
		{
			"name": "body",
			"from": [7.21, 7.21, 6.21],
			"to": [8.79, 8.89, 7.61],
			"faces": {
				"north": {"uv": [0, 0, 2.4, 2.0495], "texture": "#4"},
				"east": {"uv": [0, 0, 2.4, 2.0495], "rotation": 90, "texture": "#4"},
				"south": {"uv": [0, 0, 2.4, 2.0495], "texture": "#4"},
				"west": {"uv": [2.4, 0, 0, 2.0495], "rotation": 90, "texture": "#4"},
				"up": {"uv": [0, 0, 2.4, 2.0495], "texture": "#4"}
			}
		},
		{
			"name": "body",
			"from": [7.21, 7.21, 1.7],
			"to": [8.79, 8.89, 3.1],
			"faces": {
				"north": {"uv": [0, 0, 1.6495, 1.299], "rotation": 180, "texture": "#4"},
				"east": {"uv": [0, 0, 1.6495, 1.299], "rotation": 90, "texture": "#4"},
				"south": {"uv": [0, 0, 1.6495, 1.299], "rotation": 180, "texture": "#4"},
				"west": {"uv": [0, 0, 1.6495, 1.299], "rotation": 270, "texture": "#4"},
				"up": {"uv": [0, 0, 1.6495, 1.299], "texture": "#4"}
			}
		},
		{
			"name": "body",
			"from": [7.55, 7.1, 2.6],
			"to": [8.45, 8, 7.4],
			"faces": {
				"east": {"uv": [0, 0, 5.65, 1.05], "rotation": 90, "texture": "#4"},
				"west": {"uv": [0, 0, 6.4, 1.8], "texture": "#4"},
				"up": {"uv": [0, 0, 5.65, 1.05], "rotation": 90, "texture": "#4"}
			}
		},
		{
			"name": "body",
			"from": [7.1, 6.4, 5.2],
			"to": [8.9, 7.8, 11.4],
			"rotation": {"angle": 0, "axis": "y", "origin": [7.999, 8, 8]},
			"faces": {
				"east": {"uv": [0, 10.7495, 12.799, 13.596], "texture": "#1_0"},
				"south": {"uv": [0, 9.5, 0.9, 10.2], "texture": "#1_0"},
				"west": {"uv": [0, 10.7495, 12.799, 13.596], "texture": "#1_0"},
				"up": {"uv": [15.8, 5.5, 0, 10.349], "rotation": 90, "texture": "#1_0"},
				"down": {"uv": [0, 12.4995, 15.2995, 15.845], "rotation": 90, "texture": "#1_0"}
			}
		},
		{
			"name": "sight",
			"from": [7.7, 8.65, 20.25],
			"to": [8.3, 9.25, 20.35],
			"faces": {
				"north": {"uv": [0, 0, 0.9, 1.3], "texture": "#4"},
				"east": {"uv": [0, 0, 0.9, 1.3], "texture": "#4"},
				"south": {"uv": [0, 0, 0.9, 1.3], "texture": "#4"},
				"west": {"uv": [0, 0, 0.9, 1.3], "texture": "#4"},
				"up": {"uv": [0, 0, 0.6, 0.1], "texture": "#missing"}
			}
		},
		{
			"name": "sight",
			"from": [7.7, 8.65, 19.55],
			"to": [8.3, 9.25, 19.65],
			"faces": {
				"north": {"uv": [0, 0, 0.9, 1.3], "texture": "#4"},
				"east": {"uv": [0, 0, 0.9, 1.3], "texture": "#4"},
				"south": {"uv": [0, 0, 0.9, 1.3], "texture": "#4"},
				"west": {"uv": [0, 0, 0.9, 1.3], "texture": "#4"},
				"up": {"uv": [0, 0, 0.6, 0.1], "texture": "#missing"}
			}
		},
		{
			"name": "sight",
			"from": [7.55, 6.02122, 8.9437],
			"to": [8.45, 6.22122, 11.9437],
			"rotation": {"angle": 22.5, "axis": "x", "origin": [8.14, 9.49096, 16.91086]},
			"faces": {
				"north": {"uv": [0, 0, 5.899, 0.7995], "texture": "#4"},
				"east": {"uv": [0, 0, 5.899, 0.7995], "texture": "#4"},
				"south": {"uv": [0, 0, 5.899, 0.7995], "texture": "#4"},
				"west": {"uv": [0, 0, 5.899, 0.7995], "texture": "#4"},
				"up": {"uv": [0, 0, 4.8985, 1.2985], "rotation": 90, "texture": "#4"},
				"down": {"uv": [0, 0, 4.8985, 1.2985], "rotation": 90, "texture": "#4"}
			}
		},
		{
			"name": "sight",
			"from": [7.65, 5.12122, 9.0437],
			"to": [8.35, 6.12122, 11.8437],
			"rotation": {"angle": 22.5, "axis": "x", "origin": [8.14, 9.49096, 16.91086]},
			"faces": {
				"north": {"uv": [0, 0, 0.35, 0.5], "texture": "#4"},
				"east": {"uv": [0, 0, 1.4, 0.5], "texture": "#4"},
				"west": {"uv": [0, 0, 1.4, 0.5], "texture": "#4"},
				"up": {"uv": [0, 0, 6.9, 2.3], "rotation": 90, "texture": "#4"}
			}
		},
		{
			"name": "sight",
			"from": [7.7, 9.25, 19.55],
			"to": [8.3, 9.35, 20.35],
			"faces": {
				"north": {"uv": [0, 0, 0.9, 1.3], "rotation": 90, "texture": "#4"},
				"east": {"uv": [0, 0, 0.9, 1.3], "rotation": 90, "texture": "#4"},
				"south": {"uv": [0, 0, 0.9, 1.3], "rotation": 90, "texture": "#4"},
				"west": {"uv": [0, 0, 0.9, 1.3], "rotation": 90, "texture": "#4"},
				"up": {"uv": [0, 0, 0.9, 1.3], "texture": "#4"},
				"down": {"uv": [0, 0, 0.9, 1.3], "texture": "#4"}
			}
		},
		{
			"name": "tigger",
			"from": [7.41, 6.1, 1.9],
			"to": [8.61, 6.6, 6.4],
			"faces": {
				"north": {"uv": [9, 0, 7, 7.3], "texture": "#1"},
				"east": {"uv": [7.5, 0.5, 14, 7.8], "texture": "#1"},
				"south": {"uv": [9, 0, 7, 7.3], "texture": "#1"},
				"west": {"uv": [14, 0.5, 7.5, 7.8], "texture": "#1"},
				"down": {"uv": [12.5, 6, 10.5, 9.8], "texture": "#1"}
			}
		},
		{
			"name": "tigger",
			"from": [7.4, 4.7, -0.65],
			"to": [8.6, 6.45, -0.45],
			"faces": {
				"north": {"uv": [0, 0, 1.399, 3.05], "rotation": 90, "texture": "#4"},
				"east": {"uv": [0, 0, 7.15, 1.05], "rotation": 90, "texture": "#4"},
				"south": {"uv": [0, 0, 1.399, 3.05], "rotation": 90, "texture": "#4"},
				"west": {"uv": [0, 0, 6.9, 0.8], "rotation": 90, "texture": "#4"},
				"down": {"uv": [0, 0, 7.15, 1.05], "texture": "#4"}
			}
		},
		{
			"name": "tigger",
			"from": [7.45, 8.91092, 3.3087],
			"to": [8.55, 9.11092, 3.7087],
			"rotation": {"angle": -45, "axis": "x", "origin": [8.05, 4.52039, 7.84522]},
			"faces": {
				"north": {"uv": [0, 0, 7.15, 1.05], "texture": "#4"},
				"east": {"uv": [0, 0, 7.15, 1.05], "texture": "#4"},
				"south": {"uv": [0, 0, 7.15, 1.05], "texture": "#4"},
				"west": {"uv": [0, 0, 7.15, 1.05], "texture": "#4"},
				"up": {"uv": [0, 0, 0.8995, 3.05], "rotation": 270, "texture": "#4"},
				"down": {"uv": [0, 0, 0.8995, 3.05], "rotation": 270, "texture": "#4"}
			}
		},
		{
			"name": "tigger",
			"from": [7.4, 4.7, 1.61569],
			"to": [8.6, 6.45, 1.81569],
			"rotation": {"angle": 0, "axis": "y", "origin": [8, 8, 8.06569]},
			"faces": {
				"north": {"uv": [0, 0, 1.399, 3.05], "rotation": 90, "texture": "#4"},
				"east": {"uv": [0, 0, 7.15, 1.05], "rotation": 90, "texture": "#4"},
				"south": {"uv": [0, 0, 1.399, 3.05], "rotation": 90, "texture": "#4"},
				"west": {"uv": [0, 0, 6.9, 0.8], "rotation": 90, "texture": "#4"},
				"down": {"uv": [0, 0, 7.15, 1.05], "texture": "#4"}
			}
		},
		{
			"name": "tigger",
			"from": [7.4, 4.41716, -0.36716],
			"to": [8.6, 4.61716, 1.53284],
			"rotation": {"angle": 0, "axis": "y", "origin": [8, 8.01716, 8.03284]},
			"faces": {
				"north": {"uv": [0, 0, 7.15, 1.05], "texture": "#4"},
				"east": {"uv": [0, 0, 7.15, 1.05], "texture": "#4"},
				"south": {"uv": [0, 0, 7.15, 1.05], "texture": "#4"},
				"west": {"uv": [0, 0, 7.15, 1.05], "texture": "#4"},
				"up": {"uv": [0, 0, 1.399, 3.05], "rotation": 90, "texture": "#4"},
				"down": {"uv": [0, 0, 1.399, 3.05], "rotation": 90, "texture": "#4"}
			}
		},
		{
			"name": "tigger",
			"from": [7.59894, 5.31038, 0.19196],
			"to": [8.39894, 6.51038, 0.39196],
			"faces": {
				"north": {"uv": [0, 8.25, 1.5, 10], "rotation": 90, "texture": "#3"},
				"east": {"uv": [0, 8.25, 1.25, 9.5], "rotation": 90, "texture": "#3"},
				"south": {"uv": [0, 8.25, 1.5, 10], "rotation": 90, "texture": "#3"},
				"west": {"uv": [0, 8.25, 1.25, 9.5], "rotation": 90, "texture": "#3"},
				"down": {"uv": [0, 8.25, 1.25, 9.5], "texture": "#3"}
			}
		},
		{
			"name": "tigger",
			"from": [7.59894, 9.50895, 2.07719],
			"to": [8.37894, 9.88895, 2.25719],
			"rotation": {"angle": -45, "axis": "x", "origin": [7.98894, 5.32399, 6.6614]},
			"faces": {
				"north": {"uv": [0, 8.25, 1.5, 10], "rotation": 270, "texture": "#3"},
				"east": {"uv": [0, 8.25, 1.25, 9.5], "rotation": 270, "texture": "#3"},
				"south": {"uv": [0, 8.25, 1.5, 10], "rotation": 90, "texture": "#3"},
				"west": {"uv": [0, 8.25, 1.25, 9.5], "rotation": 90, "texture": "#3"},
				"up": {"uv": [0, 8.25, 1.25, 9.5], "rotation": 180, "texture": "#3"},
				"down": {"uv": [0, 8.25, 1.25, 9.5], "texture": "#3"}
			}
		},
		{
			"name": "tigger",
			"from": [7.45, 8.81799, 1.36435],
			"to": [8.55, 9.21799, 1.56435],
			"rotation": {"angle": -45, "axis": "x", "origin": [8.05, 4.52746, 5.81087]},
			"faces": {
				"north": {"uv": [0, 0, 0.8995, 3.05], "rotation": 270, "texture": "#4"},
				"east": {"uv": [0, 0, 7.15, 1.05], "rotation": 90, "texture": "#4"},
				"south": {"uv": [0, 0, 0.8995, 3.05], "rotation": 270, "texture": "#4"},
				"west": {"uv": [0, 0, 7.15, 1.05], "rotation": 270, "texture": "#4"},
				"up": {"uv": [0, 0, 7.15, 1.05], "texture": "#4"},
				"down": {"uv": [0, 0, 7.15, 1.05], "rotation": 180, "texture": "#4"}
			}
		},
		{
			"name": "bullet",
			"from": [7.76, 8.06, 3.36],
			"to": [8.24, 8.54, 5.34],
			"faces": {
				"north": {"uv": [14.75, 4.25, 15.999, 5.5], "texture": "#1_3"},
				"east": {"uv": [11, 7.25, 14.5, 8.25], "texture": "#1_3"},
				"south": {"uv": [14.75, 4.25, 15.999, 5.5], "texture": "#1_3"},
				"west": {"uv": [11, 6.75, 13.75, 7.75], "rotation": 180, "texture": "#1_3"},
				"up": {"uv": [11, 7.25, 13.75, 8.25], "rotation": 270, "texture": "#1_3"},
				"down": {"uv": [0, 8.25, 2.5, 10.25], "rotation": 270, "texture": "#1_3"}
			}
		},
		{
			"name": "bullet",
			"from": [7.81, 8.11, 4.81149],
			"to": [8.19, 8.49, 6.24149],
			"faces": {
				"north": {"uv": [0, 9, 0.5, 10.5], "texture": "#1_3"},
				"east": {"uv": [11.25, 10.25, 15, 11.5], "rotation": 180, "texture": "#1_3"},
				"south": {"uv": [13.75, 10.25, 14.999, 11.5], "rotation": 180, "texture": "#1_3"},
				"west": {"uv": [11.25, 10.25, 15, 11.5], "texture": "#1_3"},
				"up": {"uv": [11.25, 10.25, 15, 11.5], "rotation": 90, "texture": "#1_3"},
				"down": {"uv": [0, 8.25, 2.5, 10.25], "rotation": 270, "texture": "#1_3"}
			}
		},
		{
			"name": "bayonet",
			"from": [7.95, 6.85, 28.95],
			"to": [8.05, 7.65, 31.05],
			"rotation": {"angle": 0, "axis": "y", "origin": [7.95, 8, 8]},
			"faces": {
				"north": {"uv": [0, 0, 0, 0], "texture": "#1_3"},
				"east": {"uv": [0, 13.5, 4.5, 15], "texture": "#1_3"},
				"south": {"uv": [1.75, 14.75, 13.5, 15.25], "rotation": 90, "texture": "#1_3"},
				"west": {"uv": [4.5, 13.5, 0, 15], "texture": "#1_3"},
				"up": {"uv": [1.75, 14.75, 13.5, 15.25], "rotation": 90, "texture": "#1_3"},
				"down": {"uv": [1.75, 14.75, 13.5, 15.25], "rotation": 90, "texture": "#1_3"}
			}
		},
		{
			"name": "bayonet",
			"from": [7.75, 6.6, 20.4],
			"to": [8.25, 7.9, 27],
			"faces": {
				"north": {"uv": [0, 0, 0, 0], "texture": "#1_3"},
				"east": {"uv": [1.75, 13.25, 13.5, 15.25], "texture": "#1_3"},
				"south": {"uv": [1.75, 13.25, 4.5, 15.25], "texture": "#1_3"},
				"west": {"uv": [13.5, 13.25, 1.75, 15.25], "texture": "#1_3"},
				"up": {"uv": [1.75, 14.75, 13.5, 15.25], "rotation": 90, "texture": "#1_3"},
				"down": {"uv": [1.75, 14.75, 13.5, 15.25], "rotation": 90, "texture": "#1_3"}
			}
		},
		{
			"name": "bayonet",
			"from": [7.85, 6.7, 26.8],
			"to": [8.15, 7.8, 30.2],
			"faces": {
				"north": {"uv": [0, 0, 0, 0], "texture": "#1_3"},
				"east": {"uv": [2.75, 13.5, 7, 15], "texture": "#1_3"},
				"south": {"uv": [1.75, 13.25, 4.5, 15.25], "texture": "#1_3"},
				"west": {"uv": [7, 13.5, 2.75, 15], "texture": "#1_3"},
				"up": {"uv": [1.75, 14.75, 13.5, 15.25], "rotation": 90, "texture": "#1_3"},
				"down": {"uv": [1.75, 14.75, 13.5, 15.25], "rotation": 90, "texture": "#1_3"}
			}
		},
		{
			"name": "bayonet",
			"from": [7.49, 6.4, 20.4],
			"to": [8.51, 8.92, 20.9],
			"faces": {
				"north": {"uv": [0.25, 11.25, 0.5, 11.75], "texture": "#1_3"},
				"east": {"uv": [0, 9.25, 0.75, 12.5], "texture": "#1_3"},
				"south": {"uv": [0, 11.25, 0.25, 11.75], "texture": "#1_3"},
				"west": {"uv": [0.75, 9.25, 0, 12.5], "texture": "#1_3"},
				"up": {"uv": [0, 9.25, 0.75, 10], "texture": "#1_3"},
				"down": {"uv": [0, 9.25, 0.75, 10], "texture": "#1_3"}
			}
		},
		{
			"name": "bayonet",
			"from": [7.75, 6.7, 18],
			"to": [8.25, 7.7, 20.6],
			"faces": {
				"north": {"uv": [0, 0, 0.5, 1], "texture": "#0"},
				"east": {"uv": [0, 0, 3.35, 1.5], "texture": "#0"},
				"south": {"uv": [0, 0, 0, 0], "texture": "#0"},
				"west": {"uv": [0, 0, 3.35, 1.5], "texture": "#0"},
				"up": {"uv": [0, 0, 0.5, 2.6], "texture": "#0"},
				"down": {"uv": [0, 0, 0.5, 2.6], "texture": "#0"}
			}
		}
	],
	"display": {
		"thirdperson_righthand": {
			"rotation": [79, -180, 0],
			"translation": [-2.25, 7.35, 0.75],
			"scale": [0.8, 0.8, 0.65]
		},
		"firstperson_righthand": {
			"rotation": [21, -180, -14],
			"translation": [-0.75, 5.25, -4.25],
			"scale": [1, 1, 0.85]
		},
		"ground": {
			"translation": [0, 5, 0],
			"scale": [0.5, 0.5, 0.5]
		},
		"gui": {
			"rotation": [-90, 50, 100],
			"translation": [-0.7, 2.25, 0],
			"scale": [0.15, 0.95, 0.5]
		},
		"fixed": {
			"rotation": [0, 90, 0],
			"translation": [0.25, 0.5, -2.5],
			"scale": [1.16, 1.16, 1.16]
		}
	}
}