{
	"credit": "Made with Blockbench",
	"textures": {
		"0": "block/3dmodel/woodx64_3",
		"1": "block/3dmodel/magazine_2",
		"3": "block/3dmodel/iron_2",
		"4": "block/3dmodel/iron_1",
		"6": "block/3dmodel/gun_details_1",
		"particle": "block/3dmodel/woodx64_1"
	},
	"elements": [
		{
			"name": "butt",
			"from": [6.99, 10.11878, -3.07716],
			"to": [9.01, 11.68878, -1.55716],
			"rotation": {"angle": -22.5, "axis": "x", "origin": [8, 8, 8]},
			"faces": {
				"north": {"uv": [0, 0, 2, 1.3], "texture": "#0"},
				"east": {"uv": [0, 0, 1.32, 1.52], "rotation": 90, "texture": "#4"},
				"south": {"uv": [0, 0, 2, 1.3], "texture": "#0"},
				"west": {"uv": [0, 0, 1.32, 1.52], "rotation": 90, "texture": "#4"},
				"up": {"uv": [0, 0, 2.02, 1.52], "texture": "#4"},
				"down": {"uv": [0, 0, 2.02, 1.52], "texture": "#4"}
			}
		},
		{
			"name": "butt",
			"from": [7.01, 2.25858, -14.76463],
			"to": [9.01, 3.20858, -12.71463],
			"rotation": {"angle": 0, "axis": "y", "origin": [8.01032, 4.40858, 15.13537]},
			"faces": {
				"north": {"uv": [0, 0, 0.95, 2], "rotation": 90, "texture": "#0"},
				"east": {"uv": [0, 2.5, 2.05, 3.45], "texture": "#0"},
				"south": {"uv": [0, 0, 2, 2.2], "texture": "#0"},
				"west": {"uv": [0, 2.5, 2.05, 4.45], "texture": "#0"},
				"up": {"uv": [0, 0, 2, 2.05], "texture": "#0"},
				"down": {"uv": [0, 0, 2, 2.05], "texture": "#0"}
			}
		},
		{
			"name": "butt",
			"from": [7, 4.33858, -9.88463],
			"to": [9, 6.53858, -7.08463],
			"rotation": {"angle": 0, "axis": "y", "origin": [10.00032, 7.73858, 8.01537]},
			"faces": {
				"north": {"uv": [0, 0, 2.8, 2], "rotation": 90, "texture": "#0"},
				"east": {"uv": [0, 2.5, 2.8, 4.7], "texture": "#0"},
				"south": {"uv": [0, 0, 2.8, 2], "rotation": 90, "texture": "#0"},
				"west": {"uv": [0, 2.5, 2.8, 4.7], "texture": "#0"},
				"up": {"uv": [0, 0, 2.8, 2], "rotation": 90, "texture": "#0"}
			}
		},
		{
			"name": "butt",
			"from": [7, 10.12878, -15.11716],
			"to": [9, 11.67878, -10.06716],
			"rotation": {"angle": -22.5, "axis": "x", "origin": [7.998, 8, 8]},
			"faces": {
				"north": {"uv": [0, 0, 1.3, 2], "rotation": 90, "texture": "#0"},
				"east": {"uv": [0, 2.5, 5.05, 3.8], "texture": "#0"},
				"west": {"uv": [0, 2.5, 5.05, 3.8], "texture": "#0"},
				"down": {"uv": [0, 0, 5.05, 2], "rotation": 90, "texture": "#0"}
			}
		},
		{
			"name": "butt",
			"from": [6.999, 9.51649, -9.94537],
			"to": [9.001, 11.06649, -3.94537],
			"rotation": {"angle": -22.5, "axis": "x", "origin": [7.999, 7.38771, 6.52179]},
			"faces": {
				"east": {"uv": [0, 2.5, 6, 3.8], "texture": "#0"},
				"west": {"uv": [0, 2.5, 6, 3.8], "texture": "#0"},
				"up": {"uv": [0, 0, 12.4, 2], "rotation": 90, "texture": "#0"},
				"down": {"uv": [0, 0, 12.4, 2], "rotation": 90, "texture": "#0"}
			}
		},
		{
			"name": "butt",
			"from": [7, 10.12878, -4.06716],
			"to": [9, 11.67878, -0.56716],
			"rotation": {"angle": -22.5, "axis": "x", "origin": [8, 8, 8]},
			"faces": {
				"east": {"uv": [0, 2.5, 3.5, 3.8], "texture": "#0"},
				"west": {"uv": [0, 2.5, 3.5, 3.8], "texture": "#0"},
				"up": {"uv": [3.5, 0, 6.999, 2], "rotation": 90, "texture": "#0"},
				"down": {"uv": [0, 0, 3.5, 2], "rotation": 90, "texture": "#0"}
			}
		},
		{
			"name": "butt",
			"from": [7, 4.33858, -7.08463],
			"to": [9, 6.53858, -5.03463],
			"rotation": {"angle": 0, "axis": "y", "origin": [8.00032, 7.73858, 10.81537]},
			"faces": {
				"north": {"uv": [0, 0, 2.8, 2], "rotation": 90, "texture": "#0"},
				"east": {"uv": [0, 2.5, 2.05, 4.45], "texture": "#0"},
				"south": {"uv": [0, 0, 2, 1.95], "texture": "#0"},
				"west": {"uv": [0, 2.5, 2.05, 4.45], "texture": "#0"},
				"up": {"uv": [0, 0, 2.05, 2], "rotation": 90, "texture": "#0"},
				"down": {"uv": [0, 0, 2, 2.05], "texture": "#0"}
			}
		},
		{
			"name": "butt",
			"from": [7.01, 3.20858, -14.76463],
			"to": [8.99, 6.53858, -9.88463],
			"rotation": {"angle": 0, "axis": "y", "origin": [8.00032, 7.94858, 8.02537]},
			"faces": {
				"north": {"uv": [0, 0, 3.33, 1.98], "rotation": 90, "texture": "#0"},
				"east": {"uv": [0, 2.5, 4.88, 5.83], "texture": "#0"},
				"south": {"uv": [0, 0, 2.8, 2], "rotation": 90, "texture": "#0"},
				"west": {"uv": [0, 2.5, 3.88, 5.58], "texture": "#0"},
				"up": {"uv": [0, 0, 4.88, 1.98], "rotation": 90, "texture": "#0"}
			}
		},
		{
			"name": "barrel",
			"from": [7.6, 7.6, 19],
			"to": [8.4, 8.4, 22.1],
			"rotation": {"angle": 0, "axis": "y", "origin": [8, 8, 7]},
			"faces": {
				"east": {"uv": [0, 9.5, 7.848, 11.798], "texture": "#4"},
				"south": {"uv": [5.75, 3, 7.998, 5.248], "texture": "#6"},
				"west": {"uv": [7.848, 9.5, 0, 11.798], "texture": "#4"},
				"up": {"uv": [7.848, 9.5, 0, 11.798], "rotation": 90, "texture": "#4"},
				"down": {"uv": [7.848, 9.5, 0, 11.798], "rotation": 270, "texture": "#4"}
			}
		},
		{
			"name": "body",
			"from": [7.05, 6.6, 2.9],
			"to": [8.95, 8, 8.7],
			"rotation": {"angle": 0, "axis": "y", "origin": [8.05, 8, 8]},
			"faces": {
				"east": {"uv": [0, 3.5, 5.8, 4.9], "texture": "#0"},
				"south": {"uv": [0, 3.5, 2, 4.9], "texture": "#0"},
				"west": {"uv": [0, 3.5, 5.8, 4.9], "texture": "#0"},
				"up": {"uv": [0, 0, 1.9, 5.8], "texture": "#0"},
				"down": {"uv": [0, 3.5, 5.8, 5.4], "rotation": 90, "texture": "#0"}
			}
		},
		{
			"name": "body",
			"from": [7, 8, -1.2],
			"to": [9, 9.1, -0.5],
			"faces": {
				"north": {"uv": [0, 0, 2, 1.1], "texture": "#4"},
				"east": {"uv": [0, 0, 1.1, 0.7], "rotation": 90, "texture": "#4"},
				"south": {"uv": [0, 0, 2, 1.1], "texture": "#4"},
				"west": {"uv": [0, 0, 1.1, 0.7], "rotation": 90, "texture": "#4"},
				"up": {"uv": [0, 0, 2, 0.7], "texture": "#4"}
			}
		},
		{
			"name": "body",
			"from": [7.21, 8.21, 3.21],
			"to": [8.79, 8.89, 3.99],
			"faces": {
				"north": {"uv": [0, 0, 1.58, 0.68], "texture": "#4"},
				"east": {"uv": [0, 0, 0.68, 0.78], "rotation": 90, "texture": "#4"},
				"south": {"uv": [0, 0, 1.58, 0.68], "texture": "#4"},
				"west": {"uv": [0, 0, 0.68, 0.78], "rotation": 90, "texture": "#4"},
				"up": {"uv": [0, 0, 1.58, 0.78], "texture": "#4"}
			}
		},
		{
			"name": "body",
			"from": [7.2, 7.5, 3.9],
			"to": [8.8, 8.3, 11.6],
			"faces": {
				"north": {"uv": [0, 0, 0.8, 0.8], "texture": "#0"},
				"east": {"uv": [0, 10.25, 7.7, 11.05], "texture": "#0"},
				"west": {"uv": [0, 2, 7.7, 2.8], "texture": "#0"},
				"up": {"uv": [0, 0, 7.7, 1.6], "rotation": 90, "texture": "#0"}
			}
		},
		{
			"name": "body",
			"from": [7.2, 7.75, 11.6],
			"to": [8.8, 8.55, 17.45],
			"rotation": {"angle": 0, "axis": "y", "origin": [8, 8.25, 15.7]},
			"faces": {
				"north": {"uv": [0, 9, 1.6, 9.8], "texture": "#0"},
				"east": {"uv": [0, 10.25, 6.95, 11.05], "texture": "#0"},
				"south": {"uv": [0, 9, 1.6, 9.8], "texture": "#0"},
				"west": {"uv": [0, 2, 6.95, 2.8], "texture": "#0"},
				"up": {"uv": [0, 0, 6.95, 1.6], "rotation": 90, "texture": "#0"}
			}
		},
		{
			"name": "body",
			"from": [7.2, 6.9, 4.5],
			"to": [8.8, 7.5, 11.5],
			"rotation": {"angle": 0, "axis": "y", "origin": [8, 8, 15]},
			"faces": {
				"north": {"uv": [0, 0, 0.6, 0.6], "texture": "#0"},
				"east": {"uv": [0, 7.25, 7, 7.85], "texture": "#0"},
				"south": {"uv": [0, 9, 1.6, 9.6], "texture": "#0"},
				"west": {"uv": [0, 4.5, 7, 5.1], "texture": "#0"},
				"down": {"uv": [0, 0, 15, 1.6], "rotation": 90, "texture": "#0"}
			}
		},
		{
			"name": "body",
			"from": [7.2, 7.15, 11.5],
			"to": [8.8, 7.75, 17.45],
			"rotation": {"angle": 0, "axis": "y", "origin": [8, 8.25, 15]},
			"faces": {
				"east": {"uv": [0, 7.25, 7, 7.85], "texture": "#0"},
				"south": {"uv": [0, 9, 1.6, 9.6], "texture": "#0"},
				"west": {"uv": [0, 4.5, 7, 5.1], "texture": "#0"},
				"down": {"uv": [0, 0, 15, 1.6], "rotation": 90, "texture": "#0"}
			}
		},
		{
			"name": "body",
			"from": [7.55, 7.35, -1.65],
			"to": [8.45, 8.25, 4.4],
			"faces": {
				"east": {"uv": [0, 0, 0.9, 6.8], "rotation": 90, "texture": "#4"},
				"west": {"uv": [0, 0, 6.8, 0.9], "texture": "#4"},
				"up": {"uv": [0, 0, 6.8, 0.9], "rotation": 90, "texture": "#4"}
			}
		},
		{
			"name": "body",
			"from": [7.5, 7, 17.45],
			"to": [8.5, 8.7, 19.25],
			"rotation": {"angle": 0, "axis": "y", "origin": [8, 8, 7]},
			"faces": {
				"north": {"uv": [0.25, 5.5, 1.399, 7.8], "texture": "#4"},
				"east": {"uv": [0, 5.5, 2.15, 7.8], "texture": "#4"},
				"south": {"uv": [0.25, 5.5, 1.399, 7.8], "texture": "#4"},
				"west": {"uv": [0, 5.5, 2.15, 7.8], "texture": "#4"},
				"up": {"uv": [0, 0, 4.4, 2.55], "rotation": 90, "texture": "#4"},
				"down": {"uv": [0, 0, 4.4, 2.55], "rotation": 90, "texture": "#4"}
			}
		},
		{
			"name": "body",
			"from": [7.1, 7.9, -2.2],
			"to": [7.6, 8.4, 4.2],
			"faces": {
				"north": {"uv": [0, 0, 0.5, 0.5], "texture": "#4"},
				"east": {"uv": [0, 0, 0.5, 6.4], "rotation": 90, "texture": "#4"},
				"west": {"uv": [0, 0, 6.4, 0.5], "texture": "#4"},
				"up": {"uv": [0, 0, 6.4, 0.5], "rotation": 90, "texture": "#4"}
			}
		},
		{
			"name": "body",
			"from": [6.95, 6.35, -1.5],
			"to": [9.05, 8.2, 4.9],
			"rotation": {"angle": 0, "axis": "y", "origin": [7.949, 8, 8]},
			"faces": {
				"east": {"uv": [0, 3.5, 6.4, 5.1], "texture": "#0"},
				"south": {"uv": [0, 3.5, 2, 5.1], "texture": "#0"},
				"west": {"uv": [0, 3.5, 6.4, 5.1], "texture": "#0"},
				"up": {"uv": [0, 0, 6.4, 2], "rotation": 90, "texture": "#0"},
				"down": {"uv": [0, 5, 6.4, 7], "rotation": 90, "texture": "#0"}
			}
		},
		{
			"name": "body",
			"from": [8.4, 7.9, -2.2],
			"to": [8.9, 8.4, 4.2],
			"faces": {
				"north": {"uv": [0, 0, 0.5, 0.5], "texture": "#4"},
				"east": {"uv": [0, 0, 6.4, 0.5], "texture": "#4"},
				"west": {"uv": [0, 0, 0.5, 6.4], "rotation": 90, "texture": "#4"},
				"up": {"uv": [0, 0, 6.4, 0.5], "rotation": 90, "texture": "#4"}
			}
		},
		{
			"name": "body",
			"from": [7.2, 8.2, -2],
			"to": [8.8, 8.9, -0.7],
			"faces": {
				"north": {"uv": [0, 0, 6.9, 3.05], "texture": "#4"},
				"east": {"uv": [0, 0, 6.9, 2.3], "rotation": 90, "texture": "#4"},
				"south": {"uv": [0, 0, 2.2, 1], "texture": "#missing"},
				"west": {"uv": [0, 0, 6.9, 2.3], "rotation": 90, "texture": "#4"},
				"up": {"uv": [0, 0, 6.9, 2.3], "texture": "#4"}
			}
		},
		{
			"name": "body",
			"from": [7.4, 8.2, 3.8],
			"to": [8.6, 8.8, 11.5],
			"faces": {
				"north": {"uv": [0, 0, 0.8, 0.8], "texture": "#0"},
				"east": {"uv": [0, 2, 7.7, 2.6], "texture": "#0"},
				"west": {"uv": [0, 2, 7.7, 2.6], "texture": "#0"},
				"up": {"uv": [0, 0, 7.7, 1.2], "rotation": 90, "texture": "#0"}
			}
		},
		{
			"name": "body",
			"from": [7.4, 8.2, 11.5],
			"to": [8.6, 8.8, 17.45],
			"rotation": {"angle": 0, "axis": "y", "origin": [8, 8, 15.7]},
			"faces": {
				"east": {"uv": [0, 2, 6.95, 2.6], "texture": "#0"},
				"south": {"uv": [0, 9, 1.2, 9.6], "texture": "#0"},
				"west": {"uv": [0, 2, 6.95, 2.6], "texture": "#0"},
				"up": {"uv": [0, 0, 6.95, 1.2], "rotation": 90, "texture": "#0"}
			}
		},
		{
			"name": "body",
			"from": [7.1, 6.6, 10.5],
			"to": [8.9, 9.1, 10.9],
			"rotation": {"angle": 0, "axis": "y", "origin": [10, 8, 5]},
			"faces": {
				"north": {"uv": [0, 0, 6.9, 3.05], "texture": "#4"},
				"east": {"uv": [0, 0, 0.65, 3.05], "texture": "#4"},
				"south": {"uv": [0, 0, 6.9, 3.05], "texture": "#4"},
				"west": {"uv": [0, 0, 0.65, 3.05], "texture": "#4"},
				"up": {"uv": [0, 0, 0.65, 3.05], "rotation": 90, "texture": "#4"},
				"down": {"uv": [0, 0, 0.65, 3.05], "rotation": 90, "texture": "#4"}
			}
		},
		{
			"name": "bullet",
			"from": [7.76, 8.06, 0.11],
			"to": [8.24, 8.54, 2.09],
			"rotation": {"angle": 0, "axis": "y", "origin": [8, 8, 5.75]},
			"faces": {
				"north": {"uv": [14.75, 4.25, 15.999, 5.5], "texture": "#6"},
				"east": {"uv": [11, 7.25, 14.5, 8.25], "texture": "#6"},
				"south": {"uv": [14.75, 4.25, 15.999, 5.5], "texture": "#6"},
				"west": {"uv": [11, 6.75, 13.75, 7.75], "rotation": 180, "texture": "#6"},
				"up": {"uv": [11, 7.25, 13.75, 8.25], "rotation": 270, "texture": "#6"},
				"down": {"uv": [0, 8.25, 2.5, 10.25], "rotation": 270, "texture": "#6"}
			}
		},
		{
			"name": "bullet",
			"from": [7.81, 8.11, 1.56149],
			"to": [8.19, 8.49, 2.99149],
			"rotation": {"angle": 0, "axis": "y", "origin": [8, 8, 5.75]},
			"faces": {
				"north": {"uv": [0, 9, 0.5, 10.5], "texture": "#6"},
				"east": {"uv": [11.25, 10.25, 15, 11.5], "rotation": 180, "texture": "#6"},
				"south": {"uv": [13.75, 10.25, 14.999, 11.5], "rotation": 180, "texture": "#6"},
				"west": {"uv": [11.25, 10.25, 15, 11.5], "texture": "#6"},
				"up": {"uv": [11.25, 10.25, 15, 11.5], "rotation": 90, "texture": "#6"},
				"down": {"uv": [0, 8.25, 2.5, 10.25], "rotation": 270, "texture": "#6"}
			}
		},
		{
			"name": "latch",
			"from": [5.95619, 6.72567, -2.99],
			"to": [6.43619, 8.20567, -2.51],
			"rotation": {"angle": -22.5, "axis": "z", "origin": [6.88969, 7.37927, 3.05]},
			"faces": {
				"north": {"uv": [0, 0, 2.23, 0.73], "rotation": 90, "texture": "#3"},
				"east": {"uv": [0, 0, 2.23, 0.73], "rotation": 90, "texture": "#3"},
				"south": {"uv": [0, 0, 2.23, 0.73], "rotation": 90, "texture": "#3"},
				"west": {"uv": [0, 0, 2.23, 0.73], "rotation": 90, "texture": "#3"}
			}
		},
		{
			"name": "latch",
			"from": [6.3435, 8, -3],
			"to": [8.3435, 8.5, -2.5],
			"rotation": {"angle": 0, "axis": "y", "origin": [8, 8, 8.3]},
			"faces": {
				"north": {"uv": [0, 0, 2.23, 0.73], "texture": "#3"},
				"south": {"uv": [0, 0, 2.23, 0.73], "texture": "#3"},
				"up": {"uv": [0, 0, 2.23, 0.73], "texture": "#3"},
				"down": {"uv": [0, 0, 2.23, 0.73], "texture": "#3"}
			}
		},
		{
			"name": "latch",
			"from": [7.56, 7.76, -3.19],
			"to": [8.44, 8.64, 3.39],
			"rotation": {"angle": 0, "axis": "y", "origin": [8, 8, 8.25]},
			"faces": {
				"north": {"uv": [6, 8.75, 7.58, 9.628], "rotation": 90, "texture": "#3"},
				"east": {"uv": [6, 8.75, 15.83, 10.128], "texture": "#3"},
				"south": {"uv": [14.25, 8.75, 15.83, 9.627], "rotation": 90, "texture": "#3"},
				"west": {"uv": [6, 8.75, 15.83, 10.128], "texture": "#3"},
				"up": {"uv": [6, 8.75, 15.83, 10.128], "rotation": 90, "texture": "#3"},
				"down": {"uv": [6, 8.75, 15.83, 10.128], "rotation": 90, "texture": "#3"}
			}
		},
		{
			"name": "latch",
			"from": [5.3, 6.3, -3.15],
			"to": [6.25, 7.1, -2.35],
			"rotation": {"angle": -22.5, "axis": "z", "origin": [5.94194, 6.42669, 3.05]},
			"faces": {
				"north": {"uv": [15.25, 9, 15.999, 9.749], "rotation": 90, "texture": "#3"},
				"east": {"uv": [15.25, 9, 15.999, 9.749], "rotation": 90, "texture": "#3"},
				"south": {"uv": [15.25, 9, 15.999, 9.749], "rotation": 90, "texture": "#3"},
				"west": {"uv": [15.25, 9, 15.999, 9.749], "rotation": 90, "texture": "#3"},
				"up": {"uv": [15.25, 9, 15.999, 9.749], "rotation": 90, "texture": "#3"},
				"down": {"uv": [15.25, 9, 15.999, 9.749], "rotation": 90, "texture": "#3"}
			}
		},
		{
			"name": "magazine",
			"from": [7.35, 8.17946, 0.55402],
			"to": [8.65, 10.42946, 3.60402],
			"rotation": {"angle": -22.5, "axis": "x", "origin": [8.05, 6.25463, 8.67118]},
			"faces": {
				"north": {"uv": [9, 0, 7, 7.3], "texture": "#1"},
				"east": {"uv": [14.75, 0, 8.25, 7.3], "texture": "#1"},
				"south": {"uv": [9, 0, 7, 7.3], "texture": "#1"},
				"west": {"uv": [8.25, 0, 14.75, 7.3], "texture": "#1"},
				"down": {"uv": [12.5, 6, 10.5, 9.8], "texture": "#1"}
			}
		},
		{
			"name": "magazine",
			"from": [7.4, 6.09383, 2.75313],
			"to": [8.6, 6.59383, 3.25313],
			"rotation": {"angle": 0, "axis": "y", "origin": [9.99, 9.49383, 10.85313]},
			"faces": {
				"east": {"uv": [7.5, 0.5, 14, 7.8], "texture": "#1"},
				"south": {"uv": [9, 0, 7, 7.3], "texture": "#1"},
				"west": {"uv": [14, 0.5, 7.5, 7.8], "texture": "#1"},
				"down": {"uv": [12.5, 6, 10.5, 9.8], "texture": "#1"}
			}
		},
		{
			"name": "magazine",
			"from": [7.4, 4.92664, -0.0647],
			"to": [8.6, 6.92664, 0.4353],
			"rotation": {"angle": 0, "axis": "y", "origin": [10.99, 8.32664, 8.1353]},
			"faces": {
				"north": {"uv": [9, 3.5, 9.999, 6.999], "texture": "#1"},
				"east": {"uv": [9, 3.5, 9.999, 6.999], "texture": "#1"},
				"west": {"uv": [9.999, 3.5, 9, 6.999], "texture": "#1"},
				"down": {"uv": [12.5, 6, 10.5, 9.8], "texture": "#1"}
			}
		},
		{
			"name": "sight",
			"from": [7.7, 9.6, 19.3],
			"to": [8.3, 9.7, 20.1],
			"rotation": {"angle": 0, "axis": "y", "origin": [8, 8, 7]},
			"faces": {
				"north": {"uv": [0, 0, 0.9, 1.3], "rotation": 90, "texture": "#4"},
				"east": {"uv": [0, 0, 0.9, 1.3], "rotation": 90, "texture": "#4"},
				"south": {"uv": [0, 0, 0.9, 1.3], "rotation": 90, "texture": "#4"},
				"west": {"uv": [0, 0, 0.9, 1.3], "rotation": 90, "texture": "#4"},
				"up": {"uv": [0, 0, 0.9, 1.3], "texture": "#4"},
				"down": {"uv": [0, 0, 0.9, 1.3], "texture": "#4"}
			}
		},
		{
			"name": "sight",
			"from": [7.7, 9, 20],
			"to": [8.3, 9.6, 20.1],
			"rotation": {"angle": 0, "axis": "y", "origin": [8, 8, 7]},
			"faces": {
				"north": {"uv": [0, 0, 0.9, 1.3], "texture": "#4"},
				"east": {"uv": [0, 0, 0.9, 1.3], "texture": "#4"},
				"south": {"uv": [0, 0, 0.9, 1.3], "texture": "#4"},
				"west": {"uv": [0, 0, 0.9, 1.3], "texture": "#4"}
			}
		},
		{
			"name": "sight",
			"from": [7.7, 8.4, 19.3],
			"to": [8.3, 9, 20.1],
			"rotation": {"angle": 0, "axis": "y", "origin": [8, 8, 7]},
			"faces": {
				"north": {"uv": [0, 0, 0.9, 1.3], "texture": "#4"},
				"east": {"uv": [0, 0, 0.9, 1.3], "texture": "#4"},
				"south": {"uv": [0, 0, 0.9, 1.3], "texture": "#4"},
				"west": {"uv": [0, 0, 0.9, 1.3], "texture": "#4"},
				"up": {"uv": [0, 0, 0.9, 1.3], "texture": "#4"}
			}
		},
		{
			"name": "sight",
			"from": [7.7, 9, 19.3],
			"to": [8.3, 9.6, 19.4],
			"rotation": {"angle": 0, "axis": "y", "origin": [8, 8, 7]},
			"faces": {
				"north": {"uv": [0, 0, 0.9, 1.3], "texture": "#4"},
				"east": {"uv": [0, 0, 0.9, 1.3], "texture": "#4"},
				"south": {"uv": [0, 0, 0.9, 1.3], "texture": "#4"},
				"west": {"uv": [0, 0, 0.9, 1.3], "texture": "#4"}
			}
		},
		{
			"name": "tigger",
			"from": [7.735, 2.7971, -0.97608],
			"to": [8.265, 2.9771, -0.59608],
			"rotation": {"angle": 22.5, "axis": "x", "origin": [7.875, 5.66588, 5.68108]},
			"faces": {
				"north": {"uv": [0, 8.25, 0.53, 8.43], "texture": "#3"},
				"east": {"uv": [0, 8.25, 0.38, 8.43], "texture": "#3"},
				"south": {"uv": [0, 8.25, 0.53, 8.43], "texture": "#3"},
				"west": {"uv": [0, 8.25, 0.38, 8.43], "texture": "#3"},
				"up": {"uv": [0, 8.25, 0.38, 8.78], "rotation": 90, "texture": "#3"},
				"down": {"uv": [0, 8.25, 0.38, 8.78], "rotation": 90, "texture": "#3"}
			}
		},
		{
			"name": "tigger",
			"from": [7.725, 9.42878, -1.86716],
			"to": [8.275, 10.62878, -1.66716],
			"rotation": {"angle": -22.5, "axis": "x", "origin": [7.875, 8.25, 8]},
			"faces": {
				"north": {"uv": [0, 8.25, 1.2, 8.8], "rotation": 90, "texture": "#3"},
				"east": {"uv": [0, 8.25, 1.2, 8.45], "rotation": 90, "texture": "#3"},
				"south": {"uv": [0, 8.25, 1.2, 8.8], "rotation": 90, "texture": "#3"},
				"west": {"uv": [0, 8.25, 1.2, 8.45], "rotation": 90, "texture": "#3"},
				"down": {"uv": [0, 8.25, 0.55, 8.45], "texture": "#3"}
			}
		},
		{
			"name": "tigger",
			"from": [7.45, 4.9, -2.4],
			"to": [8.55, 5.1, -0.5],
			"rotation": {"angle": 0, "axis": "y", "origin": [8.05, 8, 8]},
			"faces": {
				"north": {"uv": [0, 0, 1.1, 0.2], "texture": "#4"},
				"east": {"uv": [0, 8, 1.9, 8.2], "texture": "#4"},
				"south": {"uv": [0, 0, 1.1, 0.2], "texture": "#4"},
				"west": {"uv": [0, 8, 1.9, 8.2], "texture": "#4"},
				"up": {"uv": [0, 8.5, 1.9, 9.6], "rotation": 270, "texture": "#4"},
				"down": {"uv": [0, 8.5, 1.9, 9.6], "rotation": 90, "texture": "#4"}
			}
		},
		{
			"name": "tigger",
			"from": [7.5, 5, -2.5],
			"to": [8.5, 6.5, -2.3],
			"rotation": {"angle": 0, "axis": "y", "origin": [8.1, 8, 8]},
			"faces": {
				"north": {"uv": [0, 8.5, 2, 9.5], "rotation": 90, "texture": "#4"},
				"east": {"uv": [0, 8, 2, 8.2], "rotation": 90, "texture": "#4"},
				"south": {"uv": [0, 8.5, 2, 9.5], "rotation": 90, "texture": "#4"},
				"west": {"uv": [0, 8, 2, 8.2], "rotation": 90, "texture": "#4"},
				"down": {"uv": [0, 8, 2.999, 8.197], "texture": "#4"}
			}
		},
		{
			"name": "tigger",
			"from": [7.5, 5.1, -0.5],
			"to": [8.5, 7.1, -0.2],
			"rotation": {"angle": 0, "axis": "y", "origin": [8.1, 8, 8]},
			"faces": {
				"north": {"uv": [0, 8.5, 2.5, 9.5], "rotation": 90, "texture": "#4"},
				"east": {"uv": [0, 8, 2.5, 8.3], "rotation": 90, "texture": "#4"},
				"west": {"uv": [0, 8, 2.5, 8.3], "rotation": 90, "texture": "#4"},
				"down": {"uv": [0, 8, 2.999, 8.197], "texture": "#4"}
			}
		},
		{
			"name": "bayonet",
			"from": [7.75, 6.1, 20.4],
			"to": [8.25, 7.4, 27],
			"faces": {
				"east": {"uv": [1.75, 13.25, 13.5, 15.25], "texture": "#6"},
				"south": {"uv": [1.75, 13.25, 4.5, 15.25], "texture": "#6"},
				"west": {"uv": [13.5, 13.25, 1.75, 15.25], "texture": "#6"},
				"up": {"uv": [1.75, 14.75, 13.5, 15.25], "rotation": 90, "texture": "#6"},
				"down": {"uv": [1.75, 14.75, 13.5, 15.25], "rotation": 90, "texture": "#6"}
			}
		},
		{
			"name": "bayonet",
			"from": [7.85, 6.2, 26.8],
			"to": [8.15, 7.3, 30.2],
			"faces": {
				"east": {"uv": [2.75, 13.5, 7, 15], "texture": "#6"},
				"south": {"uv": [1.75, 13.25, 4.5, 15.25], "texture": "#6"},
				"west": {"uv": [7, 13.5, 2.75, 15], "texture": "#6"},
				"up": {"uv": [1.75, 14.75, 13.5, 15.25], "rotation": 90, "texture": "#6"},
				"down": {"uv": [1.75, 14.75, 13.5, 15.25], "rotation": 90, "texture": "#6"}
			}
		},
		{
			"name": "bayonet",
			"from": [7.49, 6, 20.15],
			"to": [8.51, 8.52, 21.65],
			"faces": {
				"north": {"uv": [0, 9.25, 1.25, 11.5], "texture": "#3"},
				"east": {"uv": [0, 9.25, 1.25, 11.5], "texture": "#3"},
				"south": {"uv": [0, 9.25, 1.25, 11.5], "texture": "#3"},
				"west": {"uv": [0, 9.25, 1.25, 11.5], "texture": "#3"},
				"up": {"uv": [0, 9.25, 0.75, 10.5], "texture": "#3"},
				"down": {"uv": [0, 9.25, 0.75, 10.5], "texture": "#3"}
			}
		},
		{
			"name": "bayonet",
			"from": [7.95, 6.35, 28.95],
			"to": [8.05, 7.15, 31.05],
			"rotation": {"angle": 0, "axis": "y", "origin": [7.95, 8, 8]},
			"faces": {
				"east": {"uv": [0, 13.5, 4.5, 15], "texture": "#6"},
				"south": {"uv": [1.75, 14.75, 13.5, 15.25], "rotation": 90, "texture": "#6"},
				"west": {"uv": [4.5, 13.5, 0, 15], "texture": "#6"},
				"up": {"uv": [1.75, 14.75, 13.5, 15.25], "rotation": 90, "texture": "#6"},
				"down": {"uv": [1.75, 14.75, 13.5, 15.25], "rotation": 90, "texture": "#6"}
			}
		}
	],
	"display": {
		"thirdperson_righthand": {
			"rotation": [79, -180, 0],
			"translation": [-2.25, 7.35, 0.75],
			"scale": [0.8, 0.8, 0.65]
		},
		"firstperson_righthand": {
			"rotation": [21, -180, -6],
			"translation": [0, 6.5, -6.5],
			"scale": [1, 1, 0.85]
		},
		"ground": {
			"translation": [0, 5, 0],
			"scale": [0.5, 0.5, 0.5]
		},
		"gui": {
			"rotation": [-90, 50, 100],
			"translation": [-0.7, 2.25, 0],
			"scale": [0.15, 0.95, 0.5]
		},
		"fixed": {
			"rotation": [0, 90, 0],
			"translation": [0.25, 0.5, -2.5],
			"scale": [1.16, 1.16, 1.16]
		}
	}
}