{
	"credit": "Made with Blockbench",
	"texture_size": [32, 32],
	"textures": {
		"0": "block/3dmodel/woodx32_1",
		"1": "block/3dmodel/iron",
		"2": "block/3dmodel/iron_3",
		"3": "block/3dmodel/gun_details_1",
		"4": "block/3dmodel/grenade",
		"5": "block/3dmodel/magazine_3",
		"particle": "block/3dmodel/woodx64_1",
		"1_0": "block/3dmodel/woodx64_1"
	},
	"elements": [
		{
			"name": "butt",
			"from": [7.055, -1.25818, -4.84978],
			"to": [8.945, 0.40002, -2.9676],
			"rotation": {"angle": 22.5, "axis": "x", "origin": [4.995, 5.8188, 10.06151]},
			"faces": {
				"north": {"uv": [12.9995, 12.9995, 15.886, 15.655], "texture": "#0"},
				"east": {"uv": [12, 10, 15.268, 12.717], "texture": "#0"},
				"west": {"uv": [15.268, 10, 12, 12.717], "texture": "#0"},
				"down": {"uv": [2.4995, 12.4995, 5.768, 15.8785], "rotation": 90, "texture": "#0"}
			}
		},
		{
			"name": "butt",
			"from": [7, 10.67878, -13.21716],
			"to": [9, 11.97878, -8.21716],
			"rotation": {"angle": -22.5, "axis": "x", "origin": [8, 8, 8]},
			"faces": {
				"north": {"uv": [0, 10.9995, 3.4985, 13.2985], "texture": "#0"},
				"east": {"uv": [2, 10, 10.996, 12.799], "texture": "#0"},
				"south": {"uv": [0, 0, 5.78, 5.18], "rotation": 90, "texture": "#0"},
				"west": {"uv": [10.996, 10, 2, 12.799], "texture": "#0"},
				"up": {"uv": [0, 0, 8.78, 5.18], "rotation": 90, "texture": "#0"},
				"down": {"uv": [7, 12.5, 14.978, 15.979], "rotation": 90, "texture": "#0"}
			}
		},
		{
			"name": "butt",
			"from": [7.015, 3.55646, -13.12471],
			"to": [8.985, 7.00145, -10.42],
			"rotation": {"angle": 0, "axis": "y", "origin": [7.985, 8, 8]},
			"faces": {
				"north": {"uv": [0, 4, 3.469, 9.443], "texture": "#0"},
				"east": {"uv": [0, 5, 4.26, 10.738], "rotation": 180, "texture": "#0"},
				"west": {"uv": [4.26, 5, 0, 10.738], "rotation": 180, "texture": "#0"},
				"up": {"uv": [8.4995, 1.9995, 12.7025, 5.468], "rotation": 90, "texture": "#0"}
			}
		},
		{
			"name": "butt",
			"from": [7.02, 4.52, -11.78],
			"to": [8.98, 7.58, -7.92],
			"faces": {
				"north": {"uv": [5, 0, 9.177, 2.979], "rotation": 90, "texture": "#0"},
				"east": {"uv": [0, 6, 6.359, 11.557], "rotation": 180, "texture": "#0"},
				"west": {"uv": [6.359, 6, 0, 11.557], "rotation": 180, "texture": "#0"},
				"up": {"uv": [0, 1.4995, 6.3585, 4.957], "rotation": 90, "texture": "#0"}
			}
		},
		{
			"name": "butt",
			"from": [7.01, 5.61, -8.89],
			"to": [8.99, 7.79, -6.11],
			"faces": {
				"north": {"uv": [5, 0, 7.679, 2.979], "rotation": 90, "texture": "#0"},
				"east": {"uv": [1.5, 7.5, 6.278, 12.177], "rotation": 180, "texture": "#0"},
				"west": {"uv": [6.278, 7.5, 1.5, 12.177], "rotation": 180, "texture": "#0"},
				"up": {"uv": [4.9995, 0.9995, 9.278, 3.978], "rotation": 90, "texture": "#0"}
			}
		},
		{
			"name": "butt",
			"from": [7.025, 1.58994, -4.86249],
			"to": [8.975, 2.61022, -3.62746],
			"rotation": {"angle": 45, "axis": "x", "origin": [8.005, 6.70599, 0.7663]},
			"faces": {
				"east": {"uv": [0, 4, 1.5, 5.7], "texture": "#0"},
				"west": {"uv": [0, 4, 1.5, 5.7], "texture": "#0"},
				"up": {"uv": [0, 0, 2.499, 2.919], "rotation": 90, "texture": "#0"}
			}
		},
		{
			"name": "butt",
			"from": [7.01, 10.55878, -4.05716],
			"to": [8.99, 11.55878, -1.57716],
			"rotation": {"angle": -22.5, "axis": "x", "origin": [8, 8, 8]},
			"faces": {
				"east": {"uv": [10.5, 10, 15.266, 12.216], "texture": "#0"},
				"west": {"uv": [10.5, 10, 15.266, 12.216], "texture": "#0"},
				"up": {"uv": [1.9995, 2.4995, 6.7665, 5.8785], "rotation": 90, "texture": "#0"},
				"down": {"uv": [3.9995, 12.4995, 8.767, 15.8785], "rotation": 90, "texture": "#0"}
			}
		},
		{
			"name": "butt",
			"from": [7, 10.67878, -8.21716],
			"to": [9, 11.97878, -3.81716],
			"rotation": {"angle": -22.5, "axis": "x", "origin": [8, 8, 8]},
			"faces": {
				"north": {"uv": [0, 7.75, 8.78, 11.18], "texture": "#0"},
				"east": {"uv": [0, 6.5, 8.995, 9.298], "texture": "#0"},
				"west": {"uv": [8.995, 6.5, 0, 9.298], "texture": "#0"},
				"up": {"uv": [0, 0, 8.78, 5.18], "rotation": 90, "texture": "#0"},
				"down": {"uv": [0, 12.5, 7.978, 15.978], "rotation": 90, "texture": "#0"}
			}
		},
		{
			"name": "butt",
			"from": [7.05, -4.24714, 1.07028],
			"to": [8.95, -1.25714, 2.31028],
			"rotation": {"angle": 45, "axis": "x", "origin": [8, 8.45261, 9.09003]},
			"faces": {
				"east": {"uv": [0, 10.5, 5.739, 12.838], "rotation": 90, "texture": "#0"},
				"south": {"uv": [1.9995, 12.4995, 8.238, 15.8985], "rotation": 90, "texture": "#0"},
				"west": {"uv": [5.739, 10.5, 0, 12.838], "rotation": 90, "texture": "#0"}
			}
		},
		{
			"name": "butt",
			"from": [7.02, 6.27, -6.55628],
			"to": [8.98, 7.28, -2.94628],
			"faces": {
				"north": {"uv": [0, 0, 1.98, 2.78], "texture": "#0"},
				"east": {"uv": [0, 7.75, 5.859, 10.509], "texture": "#0"},
				"west": {"uv": [5.859, 7.75, 0, 10.509], "texture": "#0"},
				"up": {"uv": [0, 1.9995, 4.3585, 4.4585], "rotation": 90, "texture": "#0"},
				"down": {"uv": [0, 0, 7.979, 3.48], "rotation": 90, "texture": "#0"}
			}
		},
		{
			"name": "barrel",
			"from": [7.6, 7.6, 4.15],
			"to": [8.4, 8.4, 13.75],
			"rotation": {"angle": 0, "axis": "y", "origin": [8, 8, 9.4]},
			"faces": {
				"east": {"uv": [3.2495, 6.4995, 12.672, 7.3975], "texture": "#2"},
				"south": {"uv": [5.5, 2.75, 8.099, 5.549], "texture": "#3"},
				"west": {"uv": [3.2495, 6.4995, 12.672, 7.3975], "texture": "#2"},
				"up": {"uv": [3.2495, 6.4995, 12.672, 7.3975], "rotation": 90, "texture": "#2"}
			}
		},
		{
			"name": "barrel",
			"from": [7.75, 6.65, 13.95],
			"to": [8.25, 8.15, 14.25],
			"faces": {
				"north": {"uv": [0, 14, 0.85, 15.799], "texture": "#4"},
				"east": {"uv": [0, 14, 0.85, 15.799], "texture": "#4"},
				"south": {"uv": [0, 14, 0.85, 15.799], "texture": "#4"},
				"west": {"uv": [0, 14, 0.85, 15.799], "texture": "#4"}
			}
		},
		{
			"name": "barrel",
			"from": [7.7, 6.6, 13.9],
			"to": [8.3, 7.2, 14.3],
			"faces": {
				"east": {"uv": [0, 14, 0.85, 15.799], "texture": "#4"},
				"south": {"uv": [0, 14, 0.85, 15.799], "texture": "#4"},
				"west": {"uv": [0, 14, 0.85, 15.799], "texture": "#4"},
				"up": {"uv": [0, 14, 0.85, 15.799], "texture": "#4"},
				"down": {"uv": [0, 0.75, 15.099, 2.049], "rotation": 90, "texture": "#2"}
			}
		},
		{
			"name": "barrel",
			"from": [7.6, 7.6, 13.75],
			"to": [8.4, 8.4, 20.1],
			"faces": {
				"east": {"uv": [3.2495, 6.4995, 10.921, 7.3975], "texture": "#2"},
				"south": {"uv": [5.75, 3, 8.099, 5.298], "texture": "#3"},
				"west": {"uv": [3.2495, 6.4995, 10.921, 7.3975], "texture": "#2"},
				"up": {"uv": [3.2495, 6.4995, 10.921, 7.3975], "rotation": 90, "texture": "#2"},
				"down": {"uv": [3.2495, 6.4995, 10.921, 7.3975], "rotation": 90, "texture": "#2"}
			}
		},
		{
			"name": "barrel",
			"from": [7.45, 7.45, 13.65],
			"to": [8.55, 8.55, 14.55],
			"faces": {
				"north": {"uv": [0, 14, 0.85, 15.799], "texture": "#4"},
				"east": {"uv": [0, 14, 0.85, 15.799], "texture": "#4"},
				"south": {"uv": [0, 14, 0.85, 15.799], "texture": "#4"},
				"west": {"uv": [0, 14, 0.85, 15.799], "texture": "#4"},
				"up": {"uv": [0, 14, 0.85, 15.799], "texture": "#4"},
				"down": {"uv": [0, 0.75, 15.099, 2.049], "rotation": 90, "texture": "#2"}
			}
		},
		{
			"name": "barrel",
			"from": [7.8, 6.7, 14.2],
			"to": [8.2, 7.1, 15.9],
			"faces": {
				"east": {"uv": [8.9995, 7.4995, 13.847, 8.1985], "texture": "#2"},
				"south": {"uv": [11.9995, 7.4995, 12.8465, 8.1985], "rotation": 90, "texture": "#2"},
				"west": {"uv": [8.9995, 7.4995, 13.847, 8.1985], "texture": "#2"},
				"up": {"uv": [8.9995, 7.4995, 13.847, 8.1985], "rotation": 90, "texture": "#2"},
				"down": {"uv": [8.9995, 7.4995, 13.847, 8.1985], "rotation": 90, "texture": "#2"}
			}
		},
		{
			"name": "body",
			"from": [7, 6.4, -1.5],
			"to": [9, 8.2, 1.9],
			"faces": {
				"north": {"uv": [12.4995, 1.2495, 15.698, 3.3975], "texture": "#2"},
				"east": {"uv": [15.948, 1.2495, 11.9995, 3.3975], "texture": "#2"},
				"south": {"uv": [12.4995, 1.2495, 15.698, 3.3975], "texture": "#2"},
				"west": {"uv": [11.9995, 1.2495, 15.948, 3.3975], "texture": "#2"},
				"up": {"uv": [9.5, 0.75, 13.6, 4.049], "rotation": 90, "texture": "#2"},
				"down": {"uv": [9.5, 0.75, 13.6, 4.049], "rotation": 90, "texture": "#2"}
			}
		},
		{
			"name": "body",
			"from": [7.12, 6.44, 4.07],
			"to": [8.88, 8.1, 8.73],
			"faces": {
				"east": {"uv": [0.9995, 8.9995, 8.3275, 12.3275], "texture": "#0"},
				"south": {"uv": [11, 6.5, 15.78, 13.429], "texture": "#0"},
				"west": {"uv": [8.3275, 8.9995, 0.9995, 12.3275], "texture": "#0"},
				"up": {"uv": [0.9995, 8.4995, 7.8275, 12.3265], "rotation": 90, "texture": "#0"},
				"down": {"uv": [8.4995, 12.4995, 15.8275, 15.8275], "rotation": 90, "texture": "#0"}
			}
		},
		{
			"name": "body",
			"from": [7.2, 6.5, 8.7],
			"to": [8.8, 8.1, 12.3],
			"faces": {
				"east": {"uv": [9.2985, 8.9995, 1.9995, 12.2985], "texture": "#0"},
				"south": {"uv": [0, 0, 7.03, 8.179], "texture": "#0"},
				"west": {"uv": [1.9995, 8.9995, 9.2985, 12.2985], "texture": "#0"},
				"up": {"uv": [9.2985, 8.9995, 1.9995, 12.2985], "rotation": 90, "texture": "#0"},
				"down": {"uv": [7.299, 12.4995, 0, 15.7985], "rotation": 90, "texture": "#0"}
			}
		},
		{
			"name": "body",
			"from": [7.25, 6.6, 11.8],
			"to": [8.75, 8, 13.9],
			"faces": {
				"east": {"uv": [0.4995, 8.4995, 5.0485, 12.6985], "texture": "#0"},
				"south": {"uv": [11, 6.5, 15.78, 13.429], "texture": "#0"},
				"west": {"uv": [5.0485, 8.4995, 0.4995, 12.6985], "texture": "#0"},
				"up": {"uv": [0.4995, 8.4995, 5.0485, 12.6985], "texture": "#0"},
				"down": {"uv": [11.4995, 11.4995, 16, 15.698], "rotation": 90, "texture": "#0"}
			}
		},
		{
			"name": "body",
			"from": [7.01, 10.55878, -1.56716],
			"to": [8.99, 11.55878, -0.08716],
			"rotation": {"angle": -22.5, "axis": "x", "origin": [11, 8, 8]},
			"faces": {
				"north": {"uv": [9.4995, 0.7495, 12.3495, 2.548], "texture": "#2"},
				"east": {"uv": [9.4995, 0.7495, 12.3495, 2.548], "texture": "#2"},
				"west": {"uv": [9.4995, 0.7495, 12.3495, 2.548], "texture": "#2"},
				"up": {"uv": [9.5, 0.75, 13.6, 4.049], "rotation": 90, "texture": "#2"},
				"down": {"uv": [9.5, 0.75, 13.6, 4.049], "rotation": 90, "texture": "#2"}
			}
		},
		{
			"name": "body",
			"from": [7, 6.4, 1.9],
			"to": [9, 8.2, 4.2],
			"faces": {
				"north": {"uv": [12.4995, 1.2495, 15.698, 3.3975], "texture": "#2"},
				"east": {"uv": [11.7495, 1.2495, 15.698, 3.3975], "texture": "#2"},
				"south": {"uv": [12.4995, 1.2495, 15.698, 3.3975], "texture": "#2"},
				"west": {"uv": [15.698, 1.2495, 11.7495, 3.3975], "texture": "#2"},
				"up": {"uv": [9.5, 0.75, 13.6, 4.049], "rotation": 90, "texture": "#2"},
				"down": {"uv": [9.5, 0.75, 13.6, 4.049], "rotation": 90, "texture": "#2"}
			}
		},
		{
			"name": "body",
			"from": [7.225, 13.14419, -1.57862],
			"to": [8.775, 13.62419, 0.85138],
			"rotation": {"angle": -45, "axis": "x", "origin": [8.215, 8.34444, 5.91113]},
			"faces": {
				"north": {"uv": [0, 0, 7, 7.6], "rotation": 180, "texture": "#2"},
				"east": {"uv": [12.5, 2, 13.715, 2.24], "texture": "#2"},
				"west": {"uv": [12.5, 2, 13.715, 2.24], "texture": "#2"},
				"up": {"uv": [1.9995, 1.4995, 4.2965, 3.045], "rotation": 90, "texture": "#2"}
			}
		},
		{
			"name": "body",
			"from": [7.05, 6.65, -2.55],
			"to": [8.95, 7.05, -1.15],
			"faces": {
				"east": {"uv": [9.5, 0.75, 10.2, 0.95], "texture": "#2"},
				"south": {"uv": [0, 0, 1.9, 0.4], "texture": "#0"},
				"west": {"uv": [9.5, 0.75, 10.2, 0.95], "texture": "#2"},
				"down": {"uv": [9.4995, 0.7495, 12.3485, 4.048], "rotation": 90, "texture": "#2"}
			}
		},
		{
			"name": "body",
			"from": [7.2, 8.2, -1.4],
			"to": [8.8, 8.5, 4.2],
			"faces": {
				"north": {"uv": [4.25, 14.75, 15.85, 15.799], "texture": "#2"},
				"east": {"uv": [4.25, 14.75, 7.3, 14.9], "texture": "#2"},
				"south": {"uv": [4.25, 14.75, 5.05, 14.9], "texture": "#2"},
				"west": {"uv": [4.25, 14.75, 7.3, 14.9], "texture": "#2"},
				"up": {"uv": [4.9995, 1.4995, 11.2975, 3.0475], "rotation": 90, "texture": "#2"}
			}
		},
		{
			"name": "hammer",
			"from": [7.8, 2.86266, 0.05025],
			"to": [8.2, 3.26266, 0.35025],
			"rotation": {"angle": 45, "axis": "x", "origin": [6.95, 8.01241, 5.10701]},
			"faces": {
				"north": {"uv": [0.5, 7, 2.349, 9.549], "rotation": 180, "texture": "#4"},
				"east": {"uv": [0.75, 10.5, 2.349, 13.049], "rotation": 90, "texture": "#4"},
				"south": {"uv": [13.6, 0.75, 9.5, 4.049], "rotation": 90, "texture": "#2"},
				"west": {"uv": [0.75, 10.5, 2.349, 13.049], "rotation": 270, "texture": "#4"},
				"up": {"uv": [0.75, 10.5, 2.349, 13.049], "texture": "#4"},
				"down": {"uv": [0.75, 10.5, 2.349, 13.049], "rotation": 180, "texture": "#4"}
			}
		},
		{
			"name": "latch",
			"from": [6.9, 7.3, 1.3],
			"to": [7.15, 8.1, 3.4],
			"faces": {
				"north": {"uv": [8.2495, 1.7495, 9.3495, 2.3495], "rotation": 90, "texture": "#1"},
				"south": {"uv": [8.2495, 1.7495, 9.3495, 2.3495], "rotation": 90, "texture": "#1"},
				"west": {"uv": [11.75, 14, 16, 16], "texture": "#1"},
				"up": {"uv": [8.2495, 1.7495, 9.3495, 2.3495], "rotation": 90, "texture": "#1"},
				"down": {"uv": [8.2495, 1.7495, 9.3495, 2.3495], "rotation": 90, "texture": "#1"}
			}
		},
		{
			"name": "magazine",
			"from": [7.65, 2.3, 1.1],
			"to": [8.35, 6.9, 3.3],
			"faces": {
				"north": {"uv": [11.5, 6, 14.5, 15.5], "texture": "#5"},
				"east": {"uv": [10.5, 6.5, 16, 16], "texture": "#5"},
				"south": {"uv": [11.5, 6, 14.5, 15.5], "texture": "#5"},
				"west": {"uv": [10.5, 6.5, 16, 16], "texture": "#5"},
				"down": {"uv": [8.2495, 1.7495, 9.3495, 2.3495], "rotation": 90, "texture": "#1"}
			}
		},
		{
			"name": "sight",
			"from": [7.875, 8.35, 18.05],
			"to": [8.125, 8.9, 18.55],
			"rotation": {"angle": 0, "axis": "y", "origin": [7.925, 8, 8]},
			"faces": {
				"north": {"uv": [0.9995, 6.9995, 1.947, 8.744], "rotation": 90, "texture": "#4"},
				"east": {"uv": [0.9995, 6.9995, 1.947, 8.745], "texture": "#4"},
				"south": {"uv": [0.9995, 6.9995, 1.947, 8.744], "rotation": 90, "texture": "#4"},
				"west": {"uv": [0.9995, 6.9995, 1.947, 8.745], "texture": "#4"},
				"up": {"uv": [0.9995, 6.9995, 1.947, 8.744], "rotation": 90, "texture": "#4"}
			}
		},
		{
			"name": "tigger",
			"from": [7.525, 5.5, -1.45],
			"to": [8.475, 6.5, -1.25],
			"rotation": {"angle": 0, "axis": "y", "origin": [6.875, 8, 8]},
			"faces": {
				"north": {"uv": [12.749, 14.499, 14.496, 15.847], "rotation": 90, "texture": "#2"},
				"east": {"uv": [15.8465, 15.249, 13.4995, 15.797], "rotation": 90, "texture": "#2"},
				"south": {"uv": [12.749, 14.499, 14.496, 15.847], "rotation": 90, "texture": "#2"},
				"west": {"uv": [15.8465, 15.249, 13.4995, 15.797], "rotation": 90, "texture": "#2"},
				"down": {"uv": [13.749, 14.499, 14.496, 15.8465], "rotation": 90, "texture": "#2"}
			}
		},
		{
			"name": "tigger",
			"from": [7.75, 5.8, -0.8],
			"to": [8.25, 6.45, -0.6],
			"rotation": {"angle": 0, "axis": "y", "origin": [10, 8, 8]},
			"faces": {
				"north": {"uv": [0.75, 10.5, 2.349, 13.049], "texture": "#4"},
				"east": {"uv": [0.75, 10.5, 2.349, 13.049], "texture": "#4"},
				"south": {"uv": [0.75, 10.5, 2.349, 13.049], "texture": "#4"},
				"west": {"uv": [0.75, 10.5, 2.349, 13.049], "texture": "#4"},
				"down": {"uv": [0.75, 10.5, 2.349, 13.049], "texture": "#4"}
			}
		},
		{
			"name": "tigger",
			"from": [7.535, 5.51, 0.51],
			"to": [8.465, 6.49, 1.14],
			"rotation": {"angle": 0, "axis": "y", "origin": [6.875, 8, 8]},
			"faces": {
				"north": {"uv": [12.749, 14.499, 14.496, 15.847], "rotation": 90, "texture": "#2"},
				"east": {"uv": [12.4995, 12.9995, 14.2465, 14.347], "rotation": 90, "texture": "#2"},
				"south": {"uv": [12.749, 14.499, 14.496, 15.847], "rotation": 90, "texture": "#2"},
				"west": {"uv": [12.4995, 12.9995, 14.2465, 14.347], "rotation": 90, "texture": "#2"},
				"down": {"uv": [13.749, 14.499, 14.496, 15.8465], "rotation": 90, "texture": "#2"}
			}
		},
		{
			"name": "tigger",
			"from": [7.525, 5.3, -1.3],
			"to": [8.475, 5.5, 0.6],
			"rotation": {"angle": 0, "axis": "y", "origin": [7.875, 8, 8]},
			"faces": {
				"north": {"uv": [15.849, 15.25, 13.5, 15.799], "texture": "#2"},
				"east": {"uv": [15.849, 15.25, 13.5, 15.799], "texture": "#2"},
				"south": {"uv": [15.849, 15.25, 13.5, 15.799], "texture": "#2"},
				"west": {"uv": [15.849, 15.25, 13.5, 15.799], "texture": "#2"},
				"up": {"uv": [12.749, 14.499, 14.496, 15.847], "rotation": 90, "texture": "#2"},
				"down": {"uv": [12.749, 14.499, 14.496, 15.847], "rotation": 90, "texture": "#2"}
			}
		},
		{
			"name": "bayonet",
			"from": [7.75, 6.35, 19.4],
			"to": [8.25, 7.65, 27],
			"faces": {
				"east": {"uv": [1.75, 13.25, 13.5, 15.25], "texture": "#3"},
				"south": {"uv": [1.75, 13.25, 4.5, 15.25], "texture": "#3"},
				"west": {"uv": [13.5, 13.25, 1.75, 15.25], "texture": "#3"},
				"up": {"uv": [1.75, 14.75, 13.5, 15.25], "rotation": 90, "texture": "#3"},
				"down": {"uv": [1.75, 14.75, 13.5, 15.25], "rotation": 90, "texture": "#3"}
			}
		},
		{
			"name": "bayonet",
			"from": [7.85, 6.45, 26.8],
			"to": [8.15, 7.55, 30.2],
			"faces": {
				"east": {"uv": [2.75, 13.5, 7, 15], "texture": "#3"},
				"south": {"uv": [1.75, 13.25, 4.5, 15.25], "texture": "#3"},
				"west": {"uv": [7, 13.5, 2.75, 15], "texture": "#3"},
				"up": {"uv": [1.75, 14.75, 13.5, 15.25], "rotation": 90, "texture": "#3"},
				"down": {"uv": [1.75, 14.75, 13.5, 15.25], "rotation": 90, "texture": "#3"}
			}
		},
		{
			"name": "bayonet",
			"from": [7.49, 6.15, 18.9],
			"to": [8.51, 8.67, 19.4],
			"faces": {
				"north": {"uv": [0.25, 11.25, 0.5, 11.75], "texture": "#3"},
				"east": {"uv": [0, 9.25, 0.75, 12.5], "texture": "#3"},
				"south": {"uv": [0, 11.25, 0.25, 11.75], "texture": "#3"},
				"west": {"uv": [0.75, 9.25, 0, 12.5], "texture": "#3"},
				"up": {"uv": [0, 9.25, 0.75, 10], "texture": "#3"},
				"down": {"uv": [0, 9.25, 0.75, 10], "texture": "#3"}
			}
		},
		{
			"name": "bayonet",
			"from": [7.75, 6.45, 15.5],
			"to": [8.25, 7.45, 19.1],
			"faces": {
				"north": {"uv": [0, 0, 0.5, 1], "texture": "#1_0"},
				"east": {"uv": [0, 0, 3.35, 1.5], "texture": "#1_0"},
				"west": {"uv": [0, 0, 3.35, 1.5], "texture": "#1_0"},
				"up": {"uv": [0, 0, 0.5, 2.6], "texture": "#1_0"},
				"down": {"uv": [0, 0, 0.5, 2.6], "texture": "#1_0"}
			}
		},
		{
			"name": "bayonet",
			"from": [7.95, 6.6, 28.95],
			"to": [8.05, 7.4, 31.05],
			"rotation": {"angle": 0, "axis": "y", "origin": [7.95, 8, 8]},
			"faces": {
				"east": {"uv": [0, 13.5, 4.5, 15], "texture": "#3"},
				"south": {"uv": [1.75, 14.75, 13.5, 15.25], "rotation": 90, "texture": "#3"},
				"west": {"uv": [4.5, 13.5, 0, 15], "texture": "#3"},
				"up": {"uv": [1.75, 14.75, 13.5, 15.25], "rotation": 90, "texture": "#3"},
				"down": {"uv": [1.75, 14.75, 13.5, 15.25], "rotation": 90, "texture": "#3"}
			}
		}
	],
	"display": {
		"thirdperson_righthand": {
			"rotation": [79, -180, 0],
			"translation": [-2.25, 7.35, 0.75],
			"scale": [0.8, 0.8, 0.65]
		},
		"firstperson_righthand": {
			"rotation": [21, -180, -1],
			"translation": [-1, 5, -4.5],
			"scale": [1, 1, 0.85]
		},
		"ground": {
			"translation": [0, 5, 0],
			"scale": [0.5, 0.5, 0.5]
		},
		"gui": {
			"rotation": [-90, 50, 100],
			"translation": [-0.7, 2.25, 0],
			"scale": [0.15, 0.95, 0.5]
		},
		"fixed": {
			"rotation": [0, 90, 0],
			"translation": [0.25, 0.5, -2.5],
			"scale": [1.16, 1.16, 1.16]
		}
	}
}