{
  "credit": "Made_with_Blockbench",
  "ambientocclusion": false,
  "textures": {
    "2": "block/3dmodel/weapon_1",
    "3": "block/diamond_block",
    "particle": "block/3dmodel/weapon_1"
  },
  "elements": [
    {
      "name": "handgrip",
      "from": [
        7.25,
        0,
        7.25
      ],
      "to": [
        8.75,
        6.5,
        8.75
      ],
      "faces": {
        "north": {
          "uv": [
            14,
            0.5,
            16,
            9
          ],
          "texture": "#2"
        },
        "east": {
          "uv": [
            14,
            0.5,
            16,
            9
          ],
          "texture": "#2"
        },
        "south": {
          "uv": [
            14,
            0.5,
            16,
            9
          ],
          "texture": "#2"
        },
        "west": {
          "uv": [
            14,
            0.5,
            16,
            9
          ],
          "texture": "#2"
        },
        "up": {
          "uv": [
            2.5,
            0,
            4,
            1.5
          ],
          "texture": "#2"
        },
        "down": {
          "uv": [
            2.5,
            0,
            4,
            1.5
          ],
          "texture": "#2"
        }
      }
    },
    {
      "name": "head",
      "from": [
        7,
        13.75,
        7
      ],
      "to": [
        9,
        18,
        9
      ],
      "faces": {
        "north": {
          "uv": [
            7,
            7,
            10.5,
            14.5
          ],
          "texture": "#2"
        },
        "east": {
          "uv": [
            7,
            7,
            10.5,
            14.5
          ],
          "texture": "#2"
        },
        "south": {
          "uv": [
            7,
            7,
            10.5,
            14.5
          ],
          "texture": "#2"
        },
        "west": {
          "uv": [
            7,
            7,
            10.5,
            14.5
          ],
          "texture": "#2"
        },
        "up": {
          "uv": [
            7,
            7,
            10.5,
            10
          ],
          "texture": "#2"
        },
        "down": {
          "uv": [
            7,
            7,
            10.5,
            10
          ],
          "texture": "#2"
        }
      }
    },
    {
      "name": "spike",
      "from": [
        8.3,
        17.25,
        7.75
      ],
      "to": [
        10.1,
        17.75,
        8.25
      ],
      "faces": {
        "north": {
          "uv": [
            7,
            5.5,
            8.499,
            6.999
          ],
          "texture": "#3"
        },
        "east": {
          "uv": [
            5.5,
            6,
            9.5,
            7.5
          ],
          "texture": "#3"
        },
        "south": {
          "uv": [
            5,
            5.5,
            9,
            7
          ],
          "texture": "#3"
        },
        "west": {
          "uv": [
            5.5,
            6,
            9.5,
            7.5
          ],
          "texture": "#3"
        },
        "up": {
          "uv": [
            5,
            6,
            9,
            7.5
          ],
          "texture": "#3"
        },
        "down": {
          "uv": [
            5.5,
            6,
            9.5,
            7.5
          ],
          "texture": "#3"
        }
      }
    },
    {
      "name": "spike",
      "from": [
        7.75,
        14.25,
        5.9
      ],
      "to": [
        8.25,
        14.75,
        7.7
      ],
      "faces": {
        "north": {
          "uv": [
            7,
            5.5,
            8.499,
            6.999
          ],
          "texture": "#3"
        },
        "east": {
          "uv": [
            5.5,
            6,
            9.5,
            7.5
          ],
          "texture": "#3"
        },
        "south": {
          "uv": [
            5,
            5.5,
            9,
            7
          ],
          "texture": "#3"
        },
        "west": {
          "uv": [
            5.5,
            6,
            9.5,
            7.5
          ],
          "texture": "#3"
        },
        "up": {
          "uv": [
            5,
            6,
            9,
            7.5
          ],
          "rotation": 270,
          "texture": "#3"
        },
        "down": {
          "uv": [
            5.5,
            6,
            9.5,
            7.5
          ],
          "rotation": 90,
          "texture": "#3"
        }
      }
    },
    {
      "name": "spike",
      "from": [
        8.3,
        14.25,
        7.75
      ],
      "to": [
        10.1,
        14.75,
        8.25
      ],
      "faces": {
        "north": {
          "uv": [
            7,
            5.5,
            8.499,
            6.999
          ],
          "texture": "#3"
        },
        "east": {
          "uv": [
            5.5,
            6,
            9.5,
            7.5
          ],
          "texture": "#3"
        },
        "south": {
          "uv": [
            5,
            5.5,
            9,
            7
          ],
          "texture": "#3"
        },
        "west": {
          "uv": [
            5.5,
            6,
            9.5,
            7.5
          ],
          "texture": "#3"
        },
        "up": {
          "uv": [
            5,
            6,
            9,
            7.5
          ],
          "texture": "#3"
        },
        "down": {
          "uv": [
            5.5,
            6,
            9.5,
            7.5
          ],
          "texture": "#3"
        }
      }
    },
    {
      "name": "spike",
      "from": [
        8.3,
        15.8,
        7.75
      ],
      "to": [
        10.1,
        16.3,
        8.25
      ],
      "faces": {
        "north": {
          "uv": [
            7,
            5.5,
            8.499,
            6.999
          ],
          "texture": "#3"
        },
        "east": {
          "uv": [
            5.5,
            6,
            9.5,
            7.5
          ],
          "texture": "#3"
        },
        "south": {
          "uv": [
            5,
            5.5,
            9,
            7
          ],
          "texture": "#3"
        },
        "west": {
          "uv": [
            5.5,
            6,
            9.5,
            7.5
          ],
          "texture": "#3"
        },
        "up": {
          "uv": [
            5,
            6,
            9,
            7.5
          ],
          "texture": "#3"
        },
        "down": {
          "uv": [
            5.5,
            6,
            9.5,
            7.5
          ],
          "texture": "#3"
        }
      }
    },
    {
      "name": "spike",
      "from": [
        9,
        17.4,
        7.885
      ],
      "to": [
        10.8,
        17.65,
        8.135
      ],
      "faces": {
        "north": {
          "uv": [
            7,
            5.5,
            8.499,
            6.999
          ],
          "texture": "#3"
        },
        "east": {
          "uv": [
            5.5,
            6,
            9.5,
            7.5
          ],
          "texture": "#3"
        },
        "south": {
          "uv": [
            5,
            5.5,
            9,
            7
          ],
          "texture": "#3"
        },
        "west": {
          "uv": [
            5.5,
            6,
            9.5,
            7.5
          ],
          "texture": "#3"
        },
        "up": {
          "uv": [
            5,
            6,
            9,
            7.5
          ],
          "texture": "#3"
        },
        "down": {
          "uv": [
            5.5,
            6,
            9.5,
            7.5
          ],
          "texture": "#3"
        }
      }
    },
    {
      "name": "spike",
      "from": [
        9,
        14.4,
        7.885
      ],
      "to": [
        10.8,
        14.65,
        8.135
      ],
      "faces": {
        "north": {
          "uv": [
            7,
            5.5,
            8.499,
            6.999
          ],
          "texture": "#3"
        },
        "east": {
          "uv": [
            5.5,
            6,
            9.5,
            7.5
          ],
          "texture": "#3"
        },
        "south": {
          "uv": [
            5,
            5.5,
            9,
            7
          ],
          "texture": "#3"
        },
        "west": {
          "uv": [
            5.5,
            6,
            9.5,
            7.5
          ],
          "texture": "#3"
        },
        "up": {
          "uv": [
            5,
            6,
            9,
            7.5
          ],
          "texture": "#3"
        },
        "down": {
          "uv": [
            5.5,
            6,
            9.5,
            7.5
          ],
          "texture": "#3"
        }
      }
    },
    {
      "name": "spike",
      "from": [
        9,
        15.95,
        7.885
      ],
      "to": [
        10.8,
        16.2,
        8.135
      ],
      "faces": {
        "north": {
          "uv": [
            7,
            5.5,
            8.499,
            6.999
          ],
          "texture": "#3"
        },
        "east": {
          "uv": [
            5.5,
            6,
            9.5,
            7.5
          ],
          "texture": "#3"
        },
        "south": {
          "uv": [
            5,
            5.5,
            9,
            7
          ],
          "texture": "#3"
        },
        "west": {
          "uv": [
            5.5,
            6,
            9.5,
            7.5
          ],
          "texture": "#3"
        },
        "up": {
          "uv": [
            5,
            6,
            9,
            7.5
          ],
          "texture": "#3"
        },
        "down": {
          "uv": [
            5.5,
            6,
            9.5,
            7.5
          ],
          "texture": "#3"
        }
      }
    },
    {
      "name": "spike",
      "from": [
        7.865,
        14.4,
        9
      ],
      "to": [
        8.115,
        14.65,
        10.8
      ],
      "faces": {
        "north": {
          "uv": [
            7,
            5.5,
            8.499,
            6.999
          ],
          "texture": "#3"
        },
        "east": {
          "uv": [
            5.5,
            6,
            9.5,
            7.5
          ],
          "texture": "#3"
        },
        "south": {
          "uv": [
            5,
            5.5,
            9,
            7
          ],
          "texture": "#3"
        },
        "west": {
          "uv": [
            5.5,
            6,
            9.5,
            7.5
          ],
          "texture": "#3"
        },
        "up": {
          "uv": [
            5,
            6,
            9,
            7.5
          ],
          "rotation": 90,
          "texture": "#3"
        },
        "down": {
          "uv": [
            5.5,
            6,
            9.5,
            7.5
          ],
          "rotation": 270,
          "texture": "#3"
        }
      }
    },
    {
      "name": "spike",
      "from": [
        7.865,
        15.95,
        9
      ],
      "to": [
        8.115,
        16.2,
        10.8
      ],
      "faces": {
        "north": {
          "uv": [
            7,
            5.5,
            8.499,
            6.999
          ],
          "texture": "#3"
        },
        "east": {
          "uv": [
            5.5,
            6,
            9.5,
            7.5
          ],
          "texture": "#3"
        },
        "south": {
          "uv": [
            5,
            5.5,
            9,
            7
          ],
          "texture": "#3"
        },
        "west": {
          "uv": [
            5.5,
            6,
            9.5,
            7.5
          ],
          "texture": "#3"
        },
        "up": {
          "uv": [
            5,
            6,
            9,
            7.5
          ],
          "rotation": 90,
          "texture": "#3"
        },
        "down": {
          "uv": [
            5.5,
            6,
            9.5,
            7.5
          ],
          "rotation": 270,
          "texture": "#3"
        }
      }
    },
    {
      "name": "spike",
      "from": [
        7.865,
        17.4,
        9
      ],
      "to": [
        8.115,
        17.65,
        10.8
      ],
      "faces": {
        "north": {
          "uv": [
            7,
            5.5,
            8.499,
            6.999
          ],
          "texture": "#3"
        },
        "east": {
          "uv": [
            5.5,
            6,
            9.5,
            7.5
          ],
          "texture": "#3"
        },
        "south": {
          "uv": [
            5,
            5.5,
            9,
            7
          ],
          "texture": "#3"
        },
        "west": {
          "uv": [
            5.5,
            6,
            9.5,
            7.5
          ],
          "texture": "#3"
        },
        "up": {
          "uv": [
            5,
            6,
            9,
            7.5
          ],
          "rotation": 90,
          "texture": "#3"
        },
        "down": {
          "uv": [
            5.5,
            6,
            9.5,
            7.5
          ],
          "rotation": 270,
          "texture": "#3"
        }
      }
    },
    {
      "name": "spike",
      "from": [
        7.75,
        17.25,
        8.3
      ],
      "to": [
        8.25,
        17.75,
        10.1
      ],
      "faces": {
        "north": {
          "uv": [
            7,
            5.5,
            8.499,
            6.999
          ],
          "texture": "#3"
        },
        "east": {
          "uv": [
            5.5,
            6,
            9.5,
            7.5
          ],
          "texture": "#3"
        },
        "south": {
          "uv": [
            5,
            5.5,
            9,
            7
          ],
          "texture": "#3"
        },
        "west": {
          "uv": [
            5.5,
            6,
            9.5,
            7.5
          ],
          "texture": "#3"
        },
        "up": {
          "uv": [
            5,
            6,
            9,
            7.5
          ],
          "rotation": 90,
          "texture": "#3"
        },
        "down": {
          "uv": [
            5.5,
            6,
            9.5,
            7.5
          ],
          "rotation": 270,
          "texture": "#3"
        }
      }
    },
    {
      "name": "spike",
      "from": [
        7.885,
        14.4,
        5.2
      ],
      "to": [
        8.135,
        14.65,
        7
      ],
      "faces": {
        "north": {
          "uv": [
            7,
            5.5,
            8.499,
            6.999
          ],
          "texture": "#3"
        },
        "east": {
          "uv": [
            5.5,
            6,
            9.5,
            7.5
          ],
          "texture": "#3"
        },
        "south": {
          "uv": [
            5,
            5.5,
            9,
            7
          ],
          "texture": "#3"
        },
        "west": {
          "uv": [
            5.5,
            6,
            9.5,
            7.5
          ],
          "texture": "#3"
        },
        "up": {
          "uv": [
            5,
            6,
            9,
            7.5
          ],
          "rotation": 270,
          "texture": "#3"
        },
        "down": {
          "uv": [
            5.5,
            6,
            9.5,
            7.5
          ],
          "rotation": 90,
          "texture": "#3"
        }
      }
    },
    {
      "name": "spike",
      "from": [
        7.75,
        14.25,
        8.3
      ],
      "to": [
        8.25,
        14.75,
        10.1
      ],
      "faces": {
        "north": {
          "uv": [
            7,
            5.5,
            8.499,
            6.999
          ],
          "texture": "#3"
        },
        "east": {
          "uv": [
            5.5,
            6,
            9.5,
            7.5
          ],
          "texture": "#3"
        },
        "south": {
          "uv": [
            5,
            5.5,
            9,
            7
          ],
          "texture": "#3"
        },
        "west": {
          "uv": [
            5.5,
            6,
            9.5,
            7.5
          ],
          "texture": "#3"
        },
        "up": {
          "uv": [
            5,
            6,
            9,
            7.5
          ],
          "rotation": 90,
          "texture": "#3"
        },
        "down": {
          "uv": [
            5.5,
            6,
            9.5,
            7.5
          ],
          "rotation": 270,
          "texture": "#3"
        }
      }
    },
    {
      "name": "spike",
      "from": [
        5.9,
        17.25,
        7.75
      ],
      "to": [
        7.7,
        17.75,
        8.25
      ],
      "faces": {
        "north": {
          "uv": [
            7,
            5.5,
            8.499,
            6.999
          ],
          "texture": "#3"
        },
        "east": {
          "uv": [
            5.5,
            6,
            9.5,
            7.5
          ],
          "texture": "#3"
        },
        "south": {
          "uv": [
            5,
            5.5,
            9,
            7
          ],
          "texture": "#3"
        },
        "west": {
          "uv": [
            5.5,
            6,
            9.5,
            7.5
          ],
          "texture": "#3"
        },
        "up": {
          "uv": [
            5,
            6,
            9,
            7.5
          ],
          "rotation": 180,
          "texture": "#3"
        },
        "down": {
          "uv": [
            5.5,
            6,
            9.5,
            7.5
          ],
          "rotation": 180,
          "texture": "#3"
        }
      }
    },
    {
      "name": "spike",
      "from": [
        5.2,
        17.4,
        7.865
      ],
      "to": [
        7,
        17.65,
        8.115
      ],
      "faces": {
        "north": {
          "uv": [
            7,
            5.5,
            8.499,
            6.999
          ],
          "texture": "#3"
        },
        "east": {
          "uv": [
            5.5,
            6,
            9.5,
            7.5
          ],
          "texture": "#3"
        },
        "south": {
          "uv": [
            5,
            5.5,
            9,
            7
          ],
          "texture": "#3"
        },
        "west": {
          "uv": [
            5.5,
            6,
            9.5,
            7.5
          ],
          "texture": "#3"
        },
        "up": {
          "uv": [
            5,
            6,
            9,
            7.5
          ],
          "rotation": 180,
          "texture": "#3"
        },
        "down": {
          "uv": [
            5.5,
            6,
            9.5,
            7.5
          ],
          "rotation": 180,
          "texture": "#3"
        }
      }
    },
    {
      "name": "spike",
      "from": [
        5.9,
        15.8,
        7.75
      ],
      "to": [
        7.7,
        16.3,
        8.25
      ],
      "faces": {
        "north": {
          "uv": [
            7,
            5.5,
            8.499,
            6.999
          ],
          "texture": "#3"
        },
        "east": {
          "uv": [
            5.5,
            6,
            9.5,
            7.5
          ],
          "texture": "#3"
        },
        "south": {
          "uv": [
            5,
            5.5,
            9,
            7
          ],
          "texture": "#3"
        },
        "west": {
          "uv": [
            5.5,
            6,
            9.5,
            7.5
          ],
          "texture": "#3"
        },
        "up": {
          "uv": [
            5,
            6,
            9,
            7.5
          ],
          "rotation": 180,
          "texture": "#3"
        },
        "down": {
          "uv": [
            5.5,
            6,
            9.5,
            7.5
          ],
          "rotation": 180,
          "texture": "#3"
        }
      }
    },
    {
      "name": "spike",
      "from": [
        5.2,
        15.95,
        7.865
      ],
      "to": [
        7,
        16.2,
        8.115
      ],
      "faces": {
        "north": {
          "uv": [
            7,
            5.5,
            8.499,
            6.999
          ],
          "texture": "#3"
        },
        "east": {
          "uv": [
            5.5,
            6,
            9.5,
            7.5
          ],
          "texture": "#3"
        },
        "south": {
          "uv": [
            5,
            5.5,
            9,
            7
          ],
          "texture": "#3"
        },
        "west": {
          "uv": [
            5.5,
            6,
            9.5,
            7.5
          ],
          "texture": "#3"
        },
        "up": {
          "uv": [
            5,
            6,
            9,
            7.5
          ],
          "rotation": 180,
          "texture": "#3"
        },
        "down": {
          "uv": [
            5.5,
            6,
            9.5,
            7.5
          ],
          "rotation": 180,
          "texture": "#3"
        }
      }
    },
    {
      "name": "spike",
      "from": [
        5.9,
        14.25,
        7.75
      ],
      "to": [
        7.7,
        14.75,
        8.25
      ],
      "faces": {
        "north": {
          "uv": [
            7,
            5.5,
            8.499,
            6.999
          ],
          "texture": "#3"
        },
        "east": {
          "uv": [
            5.5,
            6,
            9.5,
            7.5
          ],
          "texture": "#3"
        },
        "south": {
          "uv": [
            5,
            5.5,
            9,
            7
          ],
          "texture": "#3"
        },
        "west": {
          "uv": [
            5.5,
            6,
            9.5,
            7.5
          ],
          "texture": "#3"
        },
        "up": {
          "uv": [
            5,
            6,
            9,
            7.5
          ],
          "rotation": 180,
          "texture": "#3"
        },
        "down": {
          "uv": [
            5.5,
            6,
            9.5,
            7.5
          ],
          "rotation": 180,
          "texture": "#3"
        }
      }
    },
    {
      "name": "spike",
      "from": [
        5.2,
        14.4,
        7.865
      ],
      "to": [
        7,
        14.65,
        8.115
      ],
      "faces": {
        "north": {
          "uv": [
            7,
            5.5,
            8.499,
            6.999
          ],
          "texture": "#3"
        },
        "east": {
          "uv": [
            5.5,
            6,
            9.5,
            7.5
          ],
          "texture": "#3"
        },
        "south": {
          "uv": [
            5,
            5.5,
            9,
            7
          ],
          "texture": "#3"
        },
        "west": {
          "uv": [
            5.5,
            6,
            9.5,
            7.5
          ],
          "texture": "#3"
        },
        "up": {
          "uv": [
            5,
            6,
            9,
            7.5
          ],
          "rotation": 180,
          "texture": "#3"
        },
        "down": {
          "uv": [
            5.5,
            6,
            9.5,
            7.5
          ],
          "rotation": 180,
          "texture": "#3"
        }
      }
    },
    {
      "name": "spike",
      "from": [
        7.75,
        17.25,
        5.9
      ],
      "to": [
        8.25,
        17.75,
        7.7
      ],
      "faces": {
        "north": {
          "uv": [
            7,
            5.5,
            8.499,
            6.999
          ],
          "texture": "#3"
        },
        "east": {
          "uv": [
            5.5,
            6,
            9.5,
            7.5
          ],
          "texture": "#3"
        },
        "south": {
          "uv": [
            5,
            5.5,
            9,
            7
          ],
          "texture": "#3"
        },
        "west": {
          "uv": [
            5.5,
            6,
            9.5,
            7.5
          ],
          "texture": "#3"
        },
        "up": {
          "uv": [
            5,
            6,
            9,
            7.5
          ],
          "rotation": 270,
          "texture": "#3"
        },
        "down": {
          "uv": [
            5.5,
            6,
            9.5,
            7.5
          ],
          "rotation": 90,
          "texture": "#3"
        }
      }
    },
    {
      "name": "spike",
      "from": [
        7.885,
        17.4,
        5.2
      ],
      "to": [
        8.135,
        17.65,
        7
      ],
      "faces": {
        "north": {
          "uv": [
            7,
            5.5,
            8.499,
            6.999
          ],
          "texture": "#3"
        },
        "east": {
          "uv": [
            5.5,
            6,
            9.5,
            7.5
          ],
          "texture": "#3"
        },
        "south": {
          "uv": [
            5,
            5.5,
            9,
            7
          ],
          "texture": "#3"
        },
        "west": {
          "uv": [
            5.5,
            6,
            9.5,
            7.5
          ],
          "texture": "#3"
        },
        "up": {
          "uv": [
            5,
            6,
            9,
            7.5
          ],
          "rotation": 270,
          "texture": "#3"
        },
        "down": {
          "uv": [
            5.5,
            6,
            9.5,
            7.5
          ],
          "rotation": 90,
          "texture": "#3"
        }
      }
    },
    {
      "name": "spike",
      "from": [
        7.885,
        15.95,
        5.2
      ],
      "to": [
        8.135,
        16.2,
        7
      ],
      "faces": {
        "north": {
          "uv": [
            7,
            5.5,
            8.499,
            6.999
          ],
          "texture": "#3"
        },
        "east": {
          "uv": [
            5.5,
            6,
            9.5,
            7.5
          ],
          "texture": "#3"
        },
        "south": {
          "uv": [
            5,
            5.5,
            9,
            7
          ],
          "texture": "#3"
        },
        "west": {
          "uv": [
            5.5,
            6,
            9.5,
            7.5
          ],
          "texture": "#3"
        },
        "up": {
          "uv": [
            5,
            6,
            9,
            7.5
          ],
          "rotation": 270,
          "texture": "#3"
        },
        "down": {
          "uv": [
            5.5,
            6,
            9.5,
            7.5
          ],
          "rotation": 90,
          "texture": "#3"
        }
      }
    },
    {
      "name": "spike",
      "from": [
        7.75,
        15.8,
        5.9
      ],
      "to": [
        8.25,
        16.3,
        7.7
      ],
      "faces": {
        "north": {
          "uv": [
            7,
            5.5,
            8.499,
            6.999
          ],
          "texture": "#3"
        },
        "east": {
          "uv": [
            5.5,
            6,
            9.5,
            7.5
          ],
          "texture": "#3"
        },
        "south": {
          "uv": [
            5,
            5.5,
            9,
            7
          ],
          "texture": "#3"
        },
        "west": {
          "uv": [
            5.5,
            6,
            9.5,
            7.5
          ],
          "texture": "#3"
        },
        "up": {
          "uv": [
            5,
            6,
            9,
            7.5
          ],
          "rotation": 270,
          "texture": "#3"
        },
        "down": {
          "uv": [
            5.5,
            6,
            9.5,
            7.5
          ],
          "rotation": 90,
          "texture": "#3"
        }
      }
    },
    {
      "name": "spike",
      "from": [
        7.75,
        15.8,
        8.3
      ],
      "to": [
        8.25,
        16.3,
        10.1
      ],
      "faces": {
        "north": {
          "uv": [
            7,
            5.5,
            8.499,
            6.999
          ],
          "texture": "#3"
        },
        "east": {
          "uv": [
            5.5,
            6,
            9.5,
            7.5
          ],
          "texture": "#3"
        },
        "south": {
          "uv": [
            5,
            5.5,
            9,
            7
          ],
          "texture": "#3"
        },
        "west": {
          "uv": [
            5.5,
            6,
            9.5,
            7.5
          ],
          "texture": "#3"
        },
        "up": {
          "uv": [
            5,
            6,
            9,
            7.5
          ],
          "rotation": 90,
          "texture": "#3"
        },
        "down": {
          "uv": [
            5.5,
            6,
            9.5,
            7.5
          ],
          "rotation": 270,
          "texture": "#3"
        }
      }
    },
    {
      "name": "stick",
      "from": [
        7.5,
        5.2,
        7.5
      ],
      "to": [
        8.5,
        14.2,
        8.5
      ],
      "faces": {
        "north": {
          "uv": [
            12.5,
            2.5,
            14,
            14.5
          ],
          "texture": "#3"
        },
        "east": {
          "uv": [
            12.5,
            2.5,
            14,
            14.5
          ],
          "texture": "#3"
        },
        "south": {
          "uv": [
            12.5,
            2.5,
            14,
            14.5
          ],
          "texture": "#3"
        },
        "west": {
          "uv": [
            12.5,
            2.5,
            14,
            14.5
          ],
          "texture": "#3"
        }
      }
    }
  ],
  "display": {
    "thirdperson_righthand": {
      "rotation": [
        -8,
        0,
        0
      ],
      "translation": [
        0,
        2.5,
        0.5
      ]
    },
    "firstperson_righthand": {
      "rotation": [
        5,
        176,
        11
      ],
      "translation": [
        0.38,
        3.45,
        0.88
      ],
      "scale": [
        0.68,
        0.68,
        0.68
      ]
    },
    "ground": {
      "translation": [
        0,
        5,
        0
      ],
      "scale": [
        0.6,
        0.6,
        0.6
      ]
    },
    "gui": {
      "rotation": [
        0,
        0,
        315
      ],
      "translation": [
        -0.75,
        -1.75,
        0
      ],
      "scale": [
        1.1,
        1.1,
        1.1
      ]
    },
    "head": {
      "rotation": [
        0,
        180,
        0
      ],
      "translation": [
        0,
        13,
        7
      ]
    },
    "fixed": {
      "rotation": [
        0,
        180,
        -45
      ],
      "translation": [
        1.5,
        -1.5,
        -1.25
      ],
      "scale": [
        1.3,
        1.3,
        1.3
      ]
    }
  }
}
