{
	"credit": "Made with Blockbench",
	"textures": {
		"0": "block/3dmodel/iron_2",
		"2": "block/polished_andesite",
		"3": "block/3dmodel/gun_details_1",
		"4": "block/3dmodel/plank_1",
		"particle": "block/polished_andesite"
	},
	"elements": [
		{
			"name": "body",
			"from": [7.04973, 9.8, 5.2],
			"to": [8.94973, 12.4, 9.9],
			"faces": {
				"north": {"uv": [7.5, 4.25, 9.047, 6.149], "texture": "#0"},
				"east": {"uv": [3.25, 4.25, 9.0475, 6.1495], "texture": "#0"},
				"south": {"uv": [7.5, 4.25, 9.047, 6.149], "texture": "#0"},
				"west": {"uv": [9.0475, 4.25, 3.25, 6.1495], "texture": "#0"},
				"up": {"uv": [0, 0, 2, 1.3], "texture": "#0"},
				"down": {"uv": [0, 0, 2, 1.3], "texture": "#0"}
			}
		},
		{
			"name": "tigger",
			"from": [7.89973, 9, 10.5],
			"to": [8.09973, 9.2, 11.6],
			"faces": {
				"north": {"uv": [9.4995, 7.5, 9.899, 9.1995], "texture": "#2"},
				"east": {"uv": [9.4995, 7.5, 9.899, 9.1995], "texture": "#2"},
				"south": {"uv": [9.4995, 7.5, 9.899, 9.1995], "texture": "#2"},
				"west": {"uv": [9.4995, 7.5, 9.899, 9.1995], "texture": "#2"},
				"up": {"uv": [9.4995, 7.5, 9.899, 9.1995], "texture": "#2"},
				"down": {"uv": [9.4995, 7.5, 9.899, 9.1995], "texture": "#2"}
			}
		},
		{
			"name": "Trigger",
			"from": [7.49973, 8, 10.4],
			"to": [8.49973, 8.4, 13],
			"faces": {
				"north": {"uv": [0, 0, 1, 0.4], "texture": "#0"},
				"east": {"uv": [0, 0, 3.8, 0.4], "texture": "#0"},
				"south": {"uv": [0, 0, 1, 0.4], "texture": "#0"},
				"west": {"uv": [0, 0, 3.8, 0.4], "texture": "#0"},
				"up": {"uv": [0, 0, 1, 3.8], "texture": "#0"},
				"down": {"uv": [0, 0, 1, 3.8], "texture": "#0"}
			}
		},
		{
			"name": "body",
			"from": [7.04973, 10.6, 9.9],
			"to": [8.94973, 12.6, 15.7],
			"faces": {
				"north": {"uv": [0, 0, 1, 0.4], "texture": "#0"},
				"east": {"uv": [3, 3.7495, 12.049, 5.6495], "texture": "#0"},
				"south": {"uv": [3, 3.749, 5.298, 5.649], "texture": "#0"},
				"west": {"uv": [12.049, 3.7495, 3, 5.6495], "texture": "#0"},
				"up": {"uv": [0, 0, 1, 8.8], "texture": "#0"},
				"down": {"uv": [0, 0, 1, 8.8], "texture": "#0"}
			}
		},
		{
			"name": "Trigger",
			"from": [7.49973, 8.4, 12.6],
			"to": [8.49973, 11.2, 13],
			"faces": {
				"north": {"uv": [0, 0, 1, 2.8], "texture": "#0"},
				"east": {"uv": [0, 0, 0.4, 2.8], "texture": "#0"},
				"south": {"uv": [0, 0, 1, 2.8], "texture": "#0"},
				"west": {"uv": [0, 0, 0.4, 2.8], "texture": "#0"},
				"down": {"uv": [0, 0, 1, 0.4], "texture": "#0"}
			}
		},
		{
			"name": "barrel",
			"from": [7.39973, 12.6, 17.05],
			"to": [8.59973, 13.8, 25.4],
			"faces": {
				"east": {"uv": [13.1745, 4.4995, 8, 5.349], "texture": "#0"},
				"south": {"uv": [5.7495, 3, 7.999, 5.249], "texture": "#3"},
				"west": {"uv": [8, 4.4995, 13.1745, 5.349], "texture": "#0"},
				"up": {"uv": [13.1745, 4.4995, 8, 5.349], "rotation": 270, "texture": "#0"},
				"down": {"uv": [13.1745, 4.4995, 8, 5.349], "rotation": 90, "texture": "#0"}
			}
		},
		{
			"name": "sight",
			"from": [7.84973, 13.5, 24.1],
			"to": [8.14973, 14.9, 25.1],
			"faces": {
				"north": {"uv": [3.5, 1.5, 4.25, 4.55], "rotation": 180, "texture": "#0"},
				"east": {"uv": [3.5, 1.5, 6.25, 4.55], "rotation": 180, "texture": "#0"},
				"south": {"uv": [3.5, 1.5, 4.25, 4.55], "rotation": 180, "texture": "#0"},
				"west": {"uv": [3.5, 1.5, 6.25, 4.55], "rotation": 180, "texture": "#0"},
				"up": {"uv": [3.4995, 1.5, 4.249, 2.549], "rotation": 180, "texture": "#0"}
			}
		},
		{
			"name": "tigger",
			"from": [7.79973, 9.2, 10.4],
			"to": [8.19973, 12.6, 11.2],
			"faces": {
				"north": {"uv": [10, 8, 10.4, 9.7], "texture": "#2"},
				"east": {"uv": [10, 8, 10.4, 9.7], "texture": "#2"},
				"south": {"uv": [10, 8, 10.4, 9.7], "texture": "#2"},
				"west": {"uv": [10, 8, 10.4, 9.7], "texture": "#2"},
				"down": {"uv": [10, 8, 10.4, 9.7], "texture": "#2"}
			}
		},
		{
			"name": "body",
			"from": [6.99973, 12.4, 6.4],
			"to": [8.99973, 13.9, 17.2],
			"faces": {
				"north": {"uv": [2, 10.4995, 3.399, 11.749], "texture": "#0"},
				"east": {"uv": [2, 10.4995, 9.8995, 11.749], "texture": "#0"},
				"south": {"uv": [2, 10.4995, 3.399, 11.749], "texture": "#0"},
				"west": {"uv": [9.8995, 10.4995, 2, 11.749], "texture": "#0"},
				"up": {"uv": [12.999, 7.499, 14.4965, 11.898], "texture": "#0"},
				"down": {"uv": [0, 0, 2, 8], "texture": "#0"}
			}
		},
		{
			"name": "Trigger",
			"from": [7.50973, 8.1, 9.75],
			"to": [8.48973, 8.93, 10.13],
			"rotation": {"angle": -45, "axis": "x", "origin": [7.99973, 8.72478, 10.139]},
			"faces": {
				"north": {"uv": [0, 0, 1, 0.8], "rotation": 180, "texture": "#0"},
				"east": {"uv": [0, 0, 0.8, 0.4], "rotation": 90, "texture": "#0"},
				"south": {"uv": [0, 0, 1, 0.8], "texture": "#0"},
				"west": {"uv": [0, 0, 0.8, 0.4], "rotation": 270, "texture": "#0"},
				"up": {"uv": [0, 0, 1, 0.4], "texture": "#0"},
				"down": {"uv": [0, 0, 1, 0.4], "rotation": 180, "texture": "#0"}
			}
		},
		{
			"name": "handgrip",
			"from": [7.09973, 1.7, 5.5],
			"to": [8.89973, 2.7, 7.9],
			"rotation": {"angle": 22.5, "axis": "x", "origin": [7.99973, 8, 8]},
			"faces": {
				"north": {"uv": [1, 1.25, 6.25, 14.349], "texture": "#4"},
				"east": {"uv": [6.25, 9, 1, 14.349], "texture": "#4"},
				"south": {"uv": [1.75, 1.25, 6, 14.099], "texture": "#4"},
				"west": {"uv": [1, 9, 6.25, 14.349], "texture": "#4"},
				"down": {"uv": [1, 3.25, 6.25, 11.349], "texture": "#4"}
			}
		},
		{
			"name": "body",
			"from": [7.19973, 12.3, 6.1],
			"to": [8.79973, 14.2, 7.5],
			"faces": {
				"north": {"uv": [2, 10.4995, 3.399, 11.749], "texture": "#0"},
				"east": {"uv": [2, 10.4995, 3.399, 11.749], "texture": "#0"},
				"south": {"uv": [3, 4, 10, 8], "texture": "#0"},
				"west": {"uv": [2, 10.4995, 3.399, 11.749], "texture": "#0"},
				"up": {"uv": [2, 10.4995, 3.399, 11.749], "texture": "#0"}
			}
		},
		{
			"name": "body",
			"from": [7.02973, 7.98, 12.98],
			"to": [8.96973, 10.72, 15.42],
			"faces": {
				"north": {"uv": [11.047, 3.25, 9, 5.898], "texture": "#0"},
				"east": {"uv": [10.047, 3.25, 7.9995, 5.8985], "texture": "#0"},
				"south": {"uv": [11.047, 3.25, 9, 5.898], "texture": "#0"},
				"west": {"uv": [10.047, 3.25, 7.9995, 5.8985], "texture": "#0"},
				"down": {"uv": [4.25, 0, 9.55, 3.65], "texture": "#0"}
			}
		},
		{
			"name": "latch",
			"from": [7.29973, 13.7, 13.3],
			"to": [8.69973, 14.1, 16.3],
			"faces": {
				"north": {"uv": [1, 4, 5.299, 6.15], "texture": "#2"},
				"east": {"uv": [6.5, 0, 9.9995, 0.699], "texture": "#2"},
				"south": {"uv": [1, 4, 5.299, 6.15], "texture": "#2"},
				"west": {"uv": [6.5, 0, 9.9995, 0.699], "texture": "#2"},
				"up": {"uv": [7.5, 0, 10.797, 6.648], "texture": "#2"},
				"down": {"uv": [0, 0, 1.4, 15], "texture": "#0"}
			}
		},
		{
			"name": "body",
			"from": [7.09973, 13, 6.9],
			"to": [8.89973, 14.4, 13.6],
			"faces": {
				"north": {"uv": [11.7495, 1, 13.3995, 1.499], "texture": "#0"},
				"east": {"uv": [2, 1, 13.4, 1.4995], "texture": "#0"},
				"south": {"uv": [11.7495, 1, 13.3995, 1.499], "texture": "#0"},
				"west": {"uv": [2, 1, 13.4, 1.4995], "texture": "#0"},
				"up": {"uv": [12.999, 7.499, 14.4965, 11.898], "texture": "#0"}
			}
		},
		{
			"name": "body",
			"from": [7.19973, 11.4, 4.6],
			"to": [8.79973, 12, 7],
			"faces": {
				"north": {"uv": [0, 0, 2, 0.5], "texture": "#0"},
				"east": {"uv": [0, 0, 2, 0.5], "texture": "#0"},
				"west": {"uv": [0, 0, 2, 0.5], "texture": "#0"},
				"up": {"uv": [0, 1, 2, 1.4995], "texture": "#0"},
				"down": {"uv": [0, 0, 2, 0.5], "texture": "#0"}
			}
		},
		{
			"name": "hammer",
			"from": [7.54973, 12.2, 5],
			"to": [8.44973, 14.4, 5.6],
			"rotation": {"angle": -45, "axis": "x", "origin": [7.99973, 13.3, 5.9]},
			"faces": {
				"north": {"uv": [6.5, 6, 8.5, 12], "texture": "#2"},
				"east": {"uv": [6.5, 6, 8.5, 12], "texture": "#2"},
				"south": {"uv": [6.5, 6, 8.5, 12], "texture": "#2"},
				"west": {"uv": [6.5, 6, 8.5, 12], "texture": "#2"},
				"up": {"uv": [6.5, 6, 8.5, 7.5], "texture": "#2"}
			}
		},
		{
			"name": "Trigger",
			"from": [7.49973, 8.6, 9.7],
			"to": [8.49973, 11.4, 10.1],
			"faces": {
				"north": {"uv": [0, 0, 1, 2.8], "texture": "#0"},
				"east": {"uv": [0, 0, 0.4, 2.8], "texture": "#0"},
				"south": {"uv": [0, 0, 1, 2.8], "texture": "#0"},
				"west": {"uv": [0, 0, 0.4, 2.8], "texture": "#0"},
				"down": {"uv": [0, 0, 1, 0.4], "texture": "#0"}
			}
		},
		{
			"name": "body",
			"from": [7.09973, 13, 16.1],
			"to": [8.89973, 14.4, 16.8],
			"faces": {
				"north": {"uv": [11.7495, 1, 13.3995, 1.499], "texture": "#0"},
				"east": {"uv": [11.7495, 1, 13.3995, 1.499], "texture": "#0"},
				"south": {"uv": [11.7495, 1, 13.3995, 1.499], "texture": "#0"},
				"west": {"uv": [11.7495, 1, 13.3995, 1.499], "texture": "#0"},
				"up": {"uv": [11.7495, 1, 13.3995, 1.499], "texture": "#0"}
			}
		},
		{
			"name": "sight",
			"from": [7.35, 14.5, 7.1],
			"to": [8.65, 15.15, 7.8],
			"rotation": {"angle": 0, "axis": "y", "origin": [8.25027, 8, 8]},
			"faces": {
				"north": {"uv": [11.7495, 1, 13.3995, 1.499], "texture": "#0"},
				"east": {"uv": [11.7495, 1, 13.3995, 1.499], "texture": "#0"},
				"south": {"uv": [11.7495, 1, 13.3995, 1.499], "texture": "#0"},
				"west": {"uv": [11.7495, 1, 13.3995, 1.499], "texture": "#0"},
				"up": {"uv": [11.7495, 1, 13.3995, 1.499], "texture": "#0"}
			}
		},
		{
			"name": "body",
			"from": [7.19973, 13.5, 7],
			"to": [8.79973, 14.7, 12.5],
			"faces": {
				"north": {"uv": [2, 1, 3.749, 2.599], "texture": "#0"},
				"east": {"uv": [2, 1, 7.9995, 2.5995], "texture": "#0"},
				"south": {"uv": [2, 1, 3.749, 2.599], "texture": "#0"},
				"west": {"uv": [2, 1, 7.9995, 2.5995], "texture": "#0"},
				"up": {"uv": [12.9995, 8.2495, 13.9975, 11.8985], "texture": "#0"}
			}
		},
		{
			"name": "hammer",
			"from": [7.59973, 13.7, 4.5],
			"to": [8.39973, 14.5, 5.3],
			"rotation": {"angle": -45, "axis": "x", "origin": [7.99973, 13.3, 5.9]},
			"faces": {
				"north": {"uv": [6.5, 6, 8.5, 8], "texture": "#2"},
				"east": {"uv": [6.5, 6, 8.5, 8], "texture": "#2"},
				"south": {"uv": [6.5, 6, 8.5, 8], "texture": "#2"},
				"west": {"uv": [6.5, 6, 8.5, 8], "texture": "#2"},
				"up": {"uv": [6.5, 6, 8.5, 8], "texture": "#2"},
				"down": {"uv": [6.5, 6, 8.5, 8], "texture": "#2"}
			}
		},
		{
			"name": "body",
			"from": [6.94973, 11.9, 6.8],
			"to": [9.04973, 12.5, 16],
			"faces": {
				"north": {"uv": [12, 14.5, 14.298, 15.5], "texture": "#2"},
				"east": {"uv": [0.5, 14.5, 14.2985, 15.5], "texture": "#2"},
				"south": {"uv": [12, 14.5, 14.298, 15.5], "texture": "#2"},
				"west": {"uv": [14.2985, 14.5, 0.5, 15.5], "texture": "#2"},
				"up": {"uv": [0, 0, 1, 8.8], "texture": "#0"},
				"down": {"uv": [0, 0, 1, 8.8], "texture": "#0"}
			}
		},
		{
			"name": "handgrip",
			"from": [7.08973, 2.39, 4.2892],
			"to": [8.90973, 10.41, 7.0092],
			"rotation": {"angle": 22.5, "axis": "x", "origin": [7.99973, 5.69709, 6.74916]},
			"faces": {
				"north": {"uv": [1, 1.25, 6.25, 14.349], "texture": "#4"},
				"east": {"uv": [6, 1.25, 1, 13.099], "texture": "#4"},
				"south": {"uv": [1.75, 3.25, 2.5, 14.099], "texture": "#4"},
				"west": {"uv": [1, 1.25, 6, 13.099], "texture": "#4"},
				"down": {"uv": [1, 3.25, 6.25, 11.349], "texture": "#4"}
			}
		},
		{
			"name": "handgrip",
			"from": [7.20078, 2.4, 5.5],
			"to": [8.80078, 6.2, 7],
			"faces": {
				"north": {"uv": [1, 1.25, 6.25, 14.349], "texture": "#4"},
				"east": {"uv": [4.9995, 8.4995, 2, 12.598], "texture": "#4"},
				"south": {"uv": [1.5, 2.4995, 5.499, 6.598], "texture": "#4"},
				"west": {"uv": [2, 8.4995, 4.9995, 12.598], "texture": "#4"},
				"down": {"uv": [1, 3.25, 6.25, 11.349], "texture": "#4"}
			}
		},
		{
			"name": "handgrip",
			"from": [7.10078, 2.8, 6.1],
			"to": [8.90078, 4.8, 7.5],
			"faces": {
				"north": {"uv": [1, 1.25, 6.25, 14.349], "texture": "#4"},
				"east": {"uv": [4.9995, 8.4995, 2, 12.598], "texture": "#4"},
				"south": {"uv": [1.5, 2.4995, 5.499, 6.598], "texture": "#4"},
				"west": {"uv": [2, 8.4995, 4.9995, 12.598], "texture": "#4"},
				"down": {"uv": [1, 3.25, 6.25, 11.349], "texture": "#4"}
			}
		},
		{
			"name": "handgrip",
			"from": [7.15078, 3.85, 6.35],
			"to": [8.85078, 5.75, 7.65],
			"faces": {
				"north": {"uv": [1, 1.25, 6.25, 14.349], "texture": "#4"},
				"east": {"uv": [4.9995, 8.4995, 2, 12.598], "texture": "#4"},
				"south": {"uv": [1.5, 2.4995, 5.499, 6.598], "texture": "#4"},
				"west": {"uv": [2, 8.4995, 4.9995, 12.598], "texture": "#4"},
				"down": {"uv": [1, 3.25, 6.25, 11.349], "texture": "#4"}
			}
		},
		{
			"name": "handgrip",
			"from": [7.10078, 4.8, 6.5],
			"to": [8.90078, 6.8, 7.9],
			"faces": {
				"north": {"uv": [1, 1.25, 6.25, 14.349], "texture": "#4"},
				"east": {"uv": [4.9995, 8.4995, 2, 12.598], "texture": "#4"},
				"south": {"uv": [1.5, 2.4995, 5.499, 6.598], "texture": "#4"},
				"west": {"uv": [2, 8.4995, 4.9995, 12.598], "texture": "#4"},
				"down": {"uv": [1, 3.25, 6.25, 11.349], "texture": "#4"}
			}
		},
		{
			"name": "handgrip",
			"from": [7.15078, 5.85, 6.75],
			"to": [8.85078, 7.75, 8.05],
			"faces": {
				"north": {"uv": [1, 1.25, 6.25, 14.349], "texture": "#4"},
				"east": {"uv": [4.9995, 8.4995, 2, 12.598], "texture": "#4"},
				"south": {"uv": [1.5, 2.4995, 5.499, 6.598], "texture": "#4"},
				"west": {"uv": [2, 8.4995, 4.9995, 12.598], "texture": "#4"},
				"down": {"uv": [1, 3.25, 6.25, 11.349], "texture": "#4"}
			}
		},
		{
			"name": "handgrip",
			"from": [7.10078, 6.8, 6.9],
			"to": [8.90078, 8.8, 8.3],
			"faces": {
				"north": {"uv": [1, 1.25, 6.25, 14.349], "texture": "#4"},
				"east": {"uv": [4.9995, 8.4995, 2, 12.598], "texture": "#4"},
				"south": {"uv": [1.5, 2.4995, 5.499, 6.598], "texture": "#4"},
				"west": {"uv": [2, 8.4995, 4.9995, 12.598], "texture": "#4"},
				"down": {"uv": [1, 3.25, 6.25, 11.349], "texture": "#4"}
			}
		},
		{
			"name": "handgrip",
			"from": [7.15078, 7.85, 7.15],
			"to": [8.85078, 9.75, 8.45],
			"faces": {
				"north": {"uv": [1, 1.25, 6.25, 14.349], "texture": "#4"},
				"east": {"uv": [4.9995, 8.4995, 2, 12.598], "texture": "#4"},
				"south": {"uv": [1.5, 2.4995, 5.499, 6.598], "texture": "#4"},
				"west": {"uv": [2, 8.4995, 4.9995, 12.598], "texture": "#4"},
				"down": {"uv": [1, 3.25, 6.25, 11.349], "texture": "#4"}
			}
		},
		{
			"name": "handgrip",
			"from": [7.10078, 8.8, 7.3],
			"to": [8.90078, 10.8, 8.7],
			"faces": {
				"north": {"uv": [1, 1.25, 6.25, 14.349], "texture": "#4"},
				"east": {"uv": [4.9995, 8.4995, 2, 12.598], "texture": "#4"},
				"south": {"uv": [1.75, 1.25, 6, 14.099], "texture": "#4"},
				"west": {"uv": [2, 8.4995, 4.9995, 12.598], "texture": "#4"},
				"down": {"uv": [1, 3.25, 6.25, 11.349], "texture": "#4"}
			}
		},
		{
			"name": "magazine",
			"from": [7.15, 7.35, 13.1],
			"to": [8.85, 8, 15.3],
			"faces": {
				"north": {"uv": [6.848, 11.4995, 2, 13.323], "texture": "#2"},
				"east": {"uv": [9, 13.9995, 15.3485, 15.823], "texture": "#2"},
				"south": {"uv": [9.848, 13.9995, 4.9995, 15.823], "texture": "#2"},
				"west": {"uv": [15.3485, 13.9995, 9, 15.823], "texture": "#2"},
				"up": {"uv": [0, 0, 1, 8.8], "texture": "#0"},
				"down": {"uv": [7.847, 10.4995, 2, 13.3225], "rotation": 90, "texture": "#2"}
			}
		}
	],
	"display": {
		"thirdperson_righthand": {
			"rotation": [180, 0, 180],
			"translation": [0, -1.25, -0.6],
			"scale": [0.63, 0.57, 0.6]
		},
		"firstperson_righthand": {
			"rotation": [22.5, -174, -8],
			"translation": [1.5, 1.75, -0.75],
			"scale": [0.6, 0.6, 0.6]
		},
		"gui": {
			"rotation": [-57, 59, 59],
			"translation": [-3.25, -3.35, 0.4],
			"scale": [0.3, 0.87, 0.83]
		}
	}
}