{
	"credit": "Made with Blockbench",
	"textures": {
		"0": "block/3dmodel/grenade",
		"particle": "block/3dmodel/grenade"
	},
	"elements": [
		{
			"from": [7.1, 13.5, 6.6],
			"to": [8.9, 15.3, 8.4],
			"rotation": {"angle": 0, "axis": "y", "origin": [8, 7.9, 8]},
			"faces": {
				"north": {"uv": [8, 0.5, 9.5, 2.5], "rotation": 90, "texture": "#0"},
				"east": {"uv": [8, 0.5, 9.5, 2.5], "rotation": 90, "texture": "#0"},
				"south": {"uv": [8, 0.5, 9.5, 2.5], "rotation": 90, "texture": "#0"},
				"west": {"uv": [8, 0.5, 9.5, 2.5], "rotation": 90, "texture": "#0"},
				"up": {"uv": [8, 0.5, 9.5, 2], "rotation": 90, "texture": "#0"}
			}
		},
		{
			"from": [5.5, 3.5, 5],
			"to": [10.5, 13.5, 10],
			"faces": {
				"north": {"uv": [0, 9.5, 3, 16], "texture": "#0"},
				"east": {"uv": [0, 9.5, 3, 16], "texture": "#0"},
				"south": {"uv": [0, 9.5, 3, 16], "texture": "#0"},
				"west": {"uv": [0, 9.5, 3, 16], "texture": "#0"},
				"up": {"uv": [0, 6.5, 3, 9], "texture": "#0"},
				"down": {"uv": [0, 6.5, 3, 9], "texture": "#0"}
			}
		},
		{
			"from": [3.1, 13.35, 5.6],
			"to": [6.9, 14.15, 9.4],
			"rotation": {"angle": 22.5, "axis": "z", "origin": [5, 15.75, 7.5]},
			"faces": {
				"north": {"uv": [11, 2, 13.5, 3], "texture": "#0"},
				"east": {"uv": [11, 2, 13.5, 3], "texture": "#0"},
				"south": {"uv": [11, 2, 13.5, 3], "texture": "#0"},
				"west": {"uv": [11, 2, 13.5, 3], "texture": "#0"},
				"up": {"uv": [11, 0, 13.5, 2.5], "texture": "#0"},
				"down": {"uv": [11, 0, 13.5, 2.5], "texture": "#0"}
			}
		},
		{
			"from": [5.51, 4.51, 5.01],
			"to": [10.49, 13.49, 9.99],
			"faces": {
				"north": {"uv": [6.5, 6, 9.5, 12], "texture": "#missing"},
				"east": {"uv": [6.5, 6, 9.5, 12], "texture": "#missing"},
				"south": {"uv": [6.5, 6, 9.5, 12], "texture": "#missing"},
				"west": {"uv": [6.5, 6, 9.5, 12], "texture": "#missing"}
			}
		}
	],
	"display": {
		"thirdperson_righthand": {
			"rotation": [-15, -11, 0],
			"translation": [0, -1, -0.5],
			"scale": [0.5, 0.5, 0.5]
		},
		"firstperson_righthand": {
			"rotation": [8, -12, -7],
			"translation": [12, -3, -10]
		},
		"ground": {
			"translation": [0, 2, 0],
			"scale": [0.5, 0.5, 0.5]
		},
		"gui": {
			"translation": [0.5, -2.5, 0],
			"scale": [1, 0.9, 1]
		},
		"fixed": {
			"translation": [0, -1.75, -1],
			"scale": [1, 0.9, 1]
		}
	}
}