{
	"credit": "Made with Blockbench",
	"texture_size": [32, 32],
	"textures": {
		"0": "block/3dmodel/grenade",
		"particle": "blocks/3dmodel/grenade"
	},
	"elements": [
		{
			"from": [6, 16.5, 6],
			"to": [10, 23.5, 10],
			"rotation": {"angle": 0, "axis": "y", "origin": [8, 11, 8]},
			"faces": {
				"north": {"uv": [2, 0.5, 5.5, 6.5], "texture": "#0"},
				"east": {"uv": [2, 0.5, 5.5, 6.5], "texture": "#0"},
				"south": {"uv": [2, 0.5, 5.5, 6.5], "texture": "#0"},
				"west": {"uv": [2, 0.5, 5.5, 6.5], "texture": "#0"},
				"up": {"uv": [2, 3, 5.4995, 6.498], "texture": "#0"},
				"down": {"uv": [2, 3, 5.4995, 6.498], "texture": "#0"}
			}
		},
		{
			"from": [7, 0.5, 7],
			"to": [9, 15.5, 9],
			"faces": {
				"north": {"uv": [3, 6.5, 4.5, 14.5], "texture": "#0"},
				"east": {"uv": [3, 6.5, 4.5, 14.5], "texture": "#0"},
				"south": {"uv": [3, 6.5, 4.5, 14.5], "texture": "#0"},
				"west": {"uv": [3, 6.5, 4.5, 14.5], "texture": "#0"},
				"down": {"uv": [3, 3, 4.5, 4.5], "texture": "#0"}
			}
		},
		{
			"from": [7, 15.5, 7],
			"to": [9, 16.5, 9],
			"rotation": {"angle": 0, "axis": "y", "origin": [8, 11, 8]},
			"faces": {
				"north": {"uv": [3, 6, 4.5, 6.5], "texture": "#0"},
				"east": {"uv": [3, 6, 4.5, 6.5], "texture": "#0"},
				"south": {"uv": [3, 6, 4.5, 6.5], "texture": "#0"},
				"west": {"uv": [3, 6, 4.5, 6.5], "texture": "#0"}
			}
		}
	],
	"display": {
		"thirdperson_righthand": {
			"rotation": [-7, 7, 0],
			"translation": [0, -1.5, 0],
			"scale": [0.6, 0.6, 0.6]
		},
		"firstperson_righthand": {
			"rotation": [-9, -12, -19],
			"translation": [13, -5, -12]
		},
		"ground": {
			"translation": [0, 1.25, 0],
			"scale": [0.5, 0.5, 0.5]
		},
		"gui": {
			"translation": [0.25, -2.75, 0],
			"scale": [0.8, 0.6, 0.6]
		},
		"fixed": {
			"translation": [-0.25, -3, -1],
			"scale": [0.75, 0.75, 0.75]
		}
	}
}