{
	"credit": "Made with Blockbench",
	"textures": {
		"0": "block/3dmodel/weapon_iron_2",
		"2": "block/polished_andesite",
		"3": "block/3dmodel/gun_details_1",
		"4": "block/3dmodel/woodx64_2",
		"particle": "block/3dmodel/weapon_iron_2"
	},
	"elements": [
		{
			"name": "back",
			"from": [7.09973, 1.7, 5.5],
			"to": [8.89973, 2.7, 7.9],
			"rotation": {"angle": 22.5, "axis": "x", "origin": [7.99973, 8, 8]},
			"faces": {
				"north": {"uv": [1, 1.25, 2.8, 2.25], "texture": "#4"},
				"east": {"uv": [3.4, 9, 1, 10], "texture": "#4"},
				"south": {"uv": [1.75, 1.25, 6, 14.099], "texture": "#4"},
				"west": {"uv": [1, 9, 3.4, 10], "texture": "#4"},
				"up": {"uv": [1, 3.25, 6.25, 11.349], "texture": "#4"},
				"down": {"uv": [1, 3.25, 6.25, 11.349], "texture": "#4"}
			}
		},
		{
			"name": "back",
			"from": [7.08973, 2.39, 4.2892],
			"to": [8.90973, 10.41, 7.0092],
			"rotation": {"angle": 22.5, "axis": "x", "origin": [7.99973, 5.69709, 6.74916]},
			"faces": {
				"north": {"uv": [1, 1.25, 2.82, 9.27], "texture": "#4"},
				"east": {"uv": [3.72, 1.25, 1, 9.27], "texture": "#4"},
				"south": {"uv": [1.75, 3.25, 3.57, 11.27], "texture": "#4"},
				"west": {"uv": [1, 1.25, 3.72, 9.27], "texture": "#4"},
				"down": {"uv": [1, 3.25, 6.25, 11.349], "texture": "#4"}
			}
		},
		{
			"name": "back",
			"from": [7.20078, 2.4, 5.5],
			"to": [8.80078, 4.2, 7],
			"faces": {
				"north": {"uv": [1, 1.25, 2.6, 3.05], "texture": "#4"},
				"east": {"uv": [2.5, 2, 1, 3.8], "texture": "#4"},
				"south": {"uv": [1.75, 1.25, 3.35, 3.05], "texture": "#4"},
				"west": {"uv": [1, 2, 2.5, 3.8], "texture": "#4"},
				"down": {"uv": [1, 3.25, 6.25, 11.349], "texture": "#4"}
			}
		},
		{
			"name": "back",
			"from": [7.10078, 2.8, 6.1],
			"to": [8.90078, 4.8, 7.5],
			"faces": {
				"north": {"uv": [1, 1.25, 6.25, 14.349], "texture": "#4"},
				"east": {"uv": [2.4, 1.25, 1, 3.25], "texture": "#4"},
				"south": {"uv": [1.75, 1.25, 3.55, 3.25], "texture": "#4"},
				"west": {"uv": [1, 2, 2.4, 4], "texture": "#4"},
				"down": {"uv": [1, 3.25, 6.25, 11.349], "texture": "#4"}
			}
		},
		{
			"name": "back",
			"from": [7.15, 3.85698, 6.34302],
			"to": [8.85, 5.75698, 7.64302],
			"rotation": {"angle": 0, "axis": "y", "origin": [11.99921, 8, 8]},
			"faces": {
				"east": {"uv": [2.3, 1.25, 1, 3.15], "texture": "#4"},
				"south": {"uv": [1.75, 1.25, 3.45, 3.15], "texture": "#4"},
				"west": {"uv": [1, 2, 2.3, 3.9], "texture": "#4"},
				"down": {"uv": [1, 3.25, 6.25, 11.349], "texture": "#4"}
			}
		},
		{
			"name": "back",
			"from": [7.1, 4.80698, 6.49302],
			"to": [8.9, 6.80698, 7.89302],
			"rotation": {"angle": 0, "axis": "y", "origin": [11.99921, 8, 8]},
			"faces": {
				"east": {"uv": [2.4, 2, 1, 4], "texture": "#4"},
				"south": {"uv": [1.75, 1.25, 3.55, 3.25], "texture": "#4"},
				"west": {"uv": [1, 2, 2.4, 4], "texture": "#4"},
				"down": {"uv": [1, 3.25, 6.25, 11.349], "texture": "#4"}
			}
		},
		{
			"name": "back",
			"from": [7.15, 5.85698, 6.74302],
			"to": [8.85, 7.75698, 8.04302],
			"rotation": {"angle": 0, "axis": "y", "origin": [11.99921, 8, 8]},
			"faces": {
				"east": {"uv": [2.3, 1.25, 1, 3.15], "texture": "#4"},
				"south": {"uv": [1.75, 1.25, 3.45, 3.15], "texture": "#4"},
				"west": {"uv": [1, 2, 2.3, 3.9], "texture": "#4"},
				"down": {"uv": [1, 3.25, 6.25, 11.349], "texture": "#4"}
			}
		},
		{
			"name": "back",
			"from": [7.1, 6.80698, 6.89302],
			"to": [8.9, 8.80698, 8.29302],
			"rotation": {"angle": 0, "axis": "y", "origin": [11.99921, 8, 8]},
			"faces": {
				"east": {"uv": [2.4, 1.25, 1, 3.25], "texture": "#4"},
				"south": {"uv": [1.75, 1.25, 3.55, 3.25], "texture": "#4"},
				"west": {"uv": [1, 2, 2.4, 4], "texture": "#4"},
				"down": {"uv": [1, 3.25, 6.25, 11.349], "texture": "#4"}
			}
		},
		{
			"name": "back",
			"from": [7.15, 7.85698, 7.14302],
			"to": [8.85, 9.75698, 8.44302],
			"rotation": {"angle": 0, "axis": "y", "origin": [11.99921, 8, 8]},
			"faces": {
				"east": {"uv": [2.3, 1.25, 1, 3.15], "texture": "#4"},
				"south": {"uv": [1.75, 1.25, 3.45, 3.15], "texture": "#4"},
				"west": {"uv": [1, 2, 2.3, 3.9], "texture": "#4"},
				"down": {"uv": [1, 3.25, 6.25, 11.349], "texture": "#4"}
			}
		},
		{
			"name": "back",
			"from": [7.1, 8.80698, 7.29302],
			"to": [8.9, 10.80698, 8.69302],
			"rotation": {"angle": 0, "axis": "y", "origin": [11.99921, 8, 8]},
			"faces": {
				"east": {"uv": [2.4, 1.25, 1, 3.25], "texture": "#4"},
				"south": {"uv": [1.75, 1.25, 3.55, 3.25], "texture": "#4"},
				"west": {"uv": [1, 2, 2.4, 4], "texture": "#4"},
				"down": {"uv": [1, 3.25, 6.25, 11.349], "texture": "#4"}
			}
		},
		{
			"name": "barrel",
			"from": [6.75018, 10.51036, 10.06109],
			"to": [9.25017, 11.01036, 20.86109],
			"rotation": {"angle": 45, "axis": "x", "origin": [8, 12.17706, 15.13801]},
			"faces": {
				"north": {"uv": [10, 13, 12.5, 13.5], "texture": "#0"},
				"east": {"uv": [6, 5, 5.5, 15], "rotation": 270, "texture": "#0"},
				"south": {"uv": [10, 13, 12.5, 13.5], "texture": "#0"},
				"west": {"uv": [6, 5, 5.5, 15], "rotation": 270, "texture": "#0"},
				"up": {"uv": [9, 5, 6.5, 15], "texture": "#0"},
				"down": {"uv": [9, 5, 6.5, 15], "texture": "#0"}
			}
		},
		{
			"name": "barrel",
			"from": [6.4, 10.73501, 9.96144],
			"to": [6.9, 13.23501, 20.76144],
			"rotation": {"angle": 45, "axis": "x", "origin": [8, 12.17706, 15.13801]},
			"faces": {
				"north": {"uv": [3, 10, 3.5, 12.5], "texture": "#0"},
				"east": {"uv": [1.5, 5, 4, 15], "rotation": 270, "texture": "#0"},
				"south": {"uv": [3, 10, 3.5, 12.5], "texture": "#0"},
				"west": {"uv": [4, 5, 1.5, 15], "rotation": 270, "texture": "#0"},
				"up": {"uv": [6, 5, 5.5, 15], "texture": "#0"},
				"down": {"uv": [6, 5, 5.5, 15], "texture": "#0"}
			}
		},
		{
			"name": "barrel",
			"from": [6.74983, 13.01036, 10.06144],
			"to": [9.24983, 13.51036, 20.86144],
			"rotation": {"angle": 45, "axis": "x", "origin": [8, 12.17706, 15.13801]},
			"faces": {
				"north": {"uv": [10, 13, 12.5, 13.5], "texture": "#0"},
				"east": {"uv": [6, 5, 5.5, 15], "rotation": 270, "texture": "#0"},
				"south": {"uv": [10, 13, 12.5, 13.5], "texture": "#0"},
				"west": {"uv": [6, 5, 5.5, 15], "rotation": 270, "texture": "#0"},
				"up": {"uv": [9, 5, 6.5, 15], "texture": "#0"},
				"down": {"uv": [4.5, 5, 1.5, 15], "texture": "#0"}
			}
		},
		{
			"name": "barrel",
			"from": [9.1, 10.73536, 9.96109],
			"to": [9.6, 13.23536, 20.76109],
			"rotation": {"angle": 45, "axis": "x", "origin": [8, 12.17706, 15.13801]},
			"faces": {
				"north": {"uv": [3, 10, 3.5, 12.5], "texture": "#0"},
				"east": {"uv": [1.5, 5, 4, 15], "rotation": 270, "texture": "#0"},
				"south": {"uv": [3, 10, 3.5, 12.5], "texture": "#0"},
				"west": {"uv": [4, 5, 1.5, 15], "rotation": 270, "texture": "#0"},
				"up": {"uv": [6, 5, 5.5, 15], "texture": "#0"},
				"down": {"uv": [6, 5, 5.5, 15], "texture": "#0"}
			}
		},
		{
			"name": "body",
			"from": [7.04973, 9.8, 5.2],
			"to": [8.94973, 11.3, 9.9],
			"faces": {
				"north": {"uv": [9.7, 5, 8, 6.5], "texture": "#0"},
				"east": {"uv": [9.7, 5, 5, 6.5], "texture": "#0"},
				"south": {"uv": [9.7, 5, 8, 6.5], "texture": "#0"},
				"west": {"uv": [5, 5, 9.7, 6.5], "texture": "#0"},
				"up": {"uv": [0, 0, 2, 1.3], "texture": "#0"},
				"down": {"uv": [3, 2.5, 11.8, 5.65], "rotation": 90, "texture": "#0"}
			}
		},
		{
			"name": "body",
			"from": [7.04973, 9.8, 9.9],
			"to": [8.94973, 11.3, 15.7],
			"faces": {
				"north": {"uv": [9.7, 5, 8, 6.5], "texture": "#0"},
				"east": {"uv": [13.3, 5.5, 7.5, 7], "texture": "#0"},
				"south": {"uv": [10, 5, 11.9, 6.5], "texture": "#0"},
				"west": {"uv": [7.5, 5.5, 13.3, 7], "texture": "#0"},
				"up": {"uv": [9, 6, 14.8, 7.9], "rotation": 90, "texture": "#0"},
				"down": {"uv": [9, 6, 14.8, 7.9], "rotation": 90, "texture": "#0"}
			}
		},
		{
			"name": "body",
			"from": [7.19973, 10.3, 6.1],
			"to": [8.79973, 14.2, 8.5],
			"faces": {
				"north": {"uv": [10.55, 6.25, 6.25, 11.4], "texture": "#0"},
				"east": {"uv": [8.05, 6.25, 6.25, 11.4], "texture": "#0"},
				"south": {"uv": [3, 4, 10, 8], "texture": "#0"},
				"west": {"uv": [8.05, 6.25, 6.25, 11.4], "texture": "#0"},
				"up": {"uv": [7.5, 10, 9.5, 12.65], "texture": "#0"},
				"down": {"uv": [0, 0, 2, 8], "texture": "#0"}
			}
		},
		{
			"name": "body",
			"from": [7.21973, 10.42, 4.62],
			"to": [8.77973, 12.18, 6.98],
			"faces": {
				"north": {"uv": [5, 10, 6.56, 11.76], "texture": "#0"},
				"east": {"uv": [5, 10, 6.56, 11.76], "texture": "#0"},
				"south": {"uv": [3, 4, 10, 8], "texture": "#0"},
				"west": {"uv": [5, 10, 6.56, 11.76], "texture": "#0"},
				"up": {"uv": [5, 10, 6.56, 11.76], "texture": "#0"},
				"down": {"uv": [5, 10, 6.56, 11.76], "texture": "#0"}
			}
		},
		{
			"name": "body",
			"from": [6.7375, 11, 6.8],
			"to": [9.2625, 14.5, 9.8],
			"rotation": {"angle": 0, "axis": "y", "origin": [7.9875, 8, 8]},
			"faces": {
				"north": {"uv": [3, 10, 6, 13.5], "texture": "#0"},
				"east": {"uv": [3, 10, 6, 13.5], "texture": "#0"},
				"south": {"uv": [3, 10, 6, 13.5], "texture": "#0"},
				"west": {"uv": [3, 10, 6, 13.5], "texture": "#0"},
				"up": {"uv": [6.5, 10, 8.8, 13], "texture": "#0"},
				"down": {"uv": [6.5, 10, 8.8, 13], "texture": "#0"}
			}
		},
		{
			"from": [7, 11.01036, 9.60043],
			"to": [9, 13.01036, 14.60043],
			"rotation": {"angle": 45, "axis": "x", "origin": [8, 12.17706, 15.13801]},
			"faces": {
				"north": {"uv": [14.75, 4.25, 16, 5.4], "texture": "#3"},
				"east": {"uv": [15.25, 1.5, 16, 3.65], "rotation": 270, "texture": "#3"},
				"south": {"uv": [14.75, 0.25, 16, 1.4], "texture": "#3"},
				"west": {"uv": [15.25, 1.5, 16, 3.65], "rotation": 90, "texture": "#3"},
				"up": {"uv": [15.25, 1.5, 16, 3.65], "rotation": 180, "texture": "#3"},
				"down": {"uv": [15.25, 1.5, 16, 3.65], "texture": "#3"}
			}
		},
		{
			"name": "hammer",
			"from": [7.54973, 12.2, 5],
			"to": [8.44973, 14.4, 5.6],
			"rotation": {"angle": -45, "axis": "x", "origin": [7.99973, 13.3, 5.9]},
			"faces": {
				"north": {"uv": [14, 6.5, 15, 9.5], "texture": "#2"},
				"east": {"uv": [15, 6.5, 14, 9.5], "texture": "#2"},
				"south": {"uv": [14, 6.5, 15, 9.5], "texture": "#2"},
				"west": {"uv": [14, 6.5, 15, 9.5], "texture": "#2"},
				"up": {"uv": [14, 6.5, 15, 8], "texture": "#2"}
			}
		},
		{
			"name": "hammer",
			"from": [7.59973, 13.7, 4.5],
			"to": [8.39973, 14.5, 5.3],
			"rotation": {"angle": -45, "axis": "x", "origin": [7.99973, 13.3, 5.9]},
			"faces": {
				"north": {"uv": [0.5, 13.5, 2, 15], "texture": "#2"},
				"east": {"uv": [0.5, 13.5, 2, 15], "texture": "#2"},
				"south": {"uv": [0.5, 13.5, 2, 15], "texture": "#2"},
				"west": {"uv": [0.5, 13.5, 2, 15], "texture": "#2"},
				"up": {"uv": [0.5, 13.5, 2, 15], "texture": "#2"},
				"down": {"uv": [0.5, 13.5, 2, 15], "texture": "#2"}
			}
		},
		{
			"name": "tigger",
			"from": [7.49973, 7, 9.4],
			"to": [8.49973, 7.4, 12],
			"faces": {
				"north": {"uv": [10.5, 9.5, 10.9, 10.5], "rotation": 90, "texture": "#0"},
				"east": {"uv": [10.5, 9.5, 11, 12.3], "rotation": 90, "texture": "#0"},
				"south": {"uv": [10.5, 9.5, 10.9, 10.5], "rotation": 90, "texture": "#0"},
				"west": {"uv": [10.5, 9.5, 11, 12.3], "rotation": 90, "texture": "#0"},
				"up": {"uv": [10.5, 9.5, 11.5, 12.3], "texture": "#0"},
				"down": {"uv": [10.5, 9.5, 11.5, 12.3], "texture": "#0"}
			}
		},
		{
			"name": "tigger",
			"from": [7.49973, 7.4, 11.6],
			"to": [8.49973, 10.2, 12],
			"faces": {
				"north": {"uv": [14, 6, 15, 8.8], "texture": "#0"},
				"east": {"uv": [14, 6, 14.5, 8.8], "texture": "#0"},
				"south": {"uv": [14, 6, 15, 8.8], "texture": "#0"},
				"west": {"uv": [14, 6, 14.5, 8.8], "texture": "#0"},
				"down": {"uv": [0, 0, 1, 0.4], "texture": "#0"}
			}
		},
		{
			"name": "tigger",
			"from": [7.79973, 8.2, 9.4],
			"to": [8.19973, 10.6, 10.2],
			"faces": {
				"north": {"uv": [0, 0, 0.4, 3.4], "texture": "#0"},
				"east": {"uv": [0, 0, 0.8, 3.4], "texture": "#2"},
				"south": {"uv": [3.5, 2, 3.9, 5.4], "rotation": 180, "texture": "#2"},
				"west": {"uv": [0.8, 0, 0, 3.4], "texture": "#2"},
				"down": {"uv": [4.5, 3, 4.9, 3.8], "texture": "#2"}
			}
		},
		{
			"name": "tigger",
			"from": [7.51, 7.09207, 8.84428],
			"to": [8.49, 7.92207, 9.22428],
			"rotation": {"angle": -45, "axis": "x", "origin": [8, 7.71685, 9.23328]},
			"faces": {
				"north": {"uv": [10.5, 9.5, 10.9, 10.5], "rotation": 90, "texture": "#0"},
				"east": {"uv": [10.5, 9.5, 10.9, 10.5], "rotation": 90, "texture": "#0"},
				"south": {"uv": [10.5, 9.5, 10.9, 10.5], "rotation": 90, "texture": "#0"},
				"west": {"uv": [10.5, 9.5, 10.9, 10.5], "rotation": 90, "texture": "#0"},
				"up": {"uv": [10.5, 9.5, 10.9, 10.5], "rotation": 90, "texture": "#0"},
				"down": {"uv": [10.5, 9.5, 10.9, 10.5], "rotation": 90, "texture": "#0"}
			}
		},
		{
			"name": "tigger",
			"from": [7.5, 7.5869, 8.8131],
			"to": [8.5, 10.3869, 9.2131],
			"rotation": {"angle": 0, "axis": "y", "origin": [8.00027, 7.9869, 8.1131]},
			"faces": {
				"north": {"uv": [14, 6, 15, 8.8], "texture": "#0"},
				"east": {"uv": [14, 6, 14.5, 8.8], "texture": "#0"},
				"south": {"uv": [14, 6, 15, 8.8], "texture": "#0"},
				"west": {"uv": [14, 6, 14.5, 8.8], "texture": "#0"},
				"down": {"uv": [0, 0, 1, 0.4], "texture": "#0"}
			}
		}
	],
	"display": {
		"thirdperson_righthand": {
			"rotation": [-167, 0, 180],
			"translation": [0, -0.9, 0.5],
			"scale": [0.6, 0.6, 0.6]
		},
		"firstperson_righthand": {
			"rotation": [162, -37, 154],
			"translation": [10.5, 2, -8.5],
			"scale": [1, 0.9, 1]
		},
		"gui": {
			"rotation": [-90, 90, 100],
			"translation": [-3.25, -1.5, 0],
			"scale": [0.08, 0.88, 0.94]
		}
	}
}