{
	"credit": "Made with Blockbench",
	"textures": {
		"0": "block/3dmodel/woodx64_1",
		"1": "block/3dmodel/iron",
		"2": "block/3dmodel/iron_2",
		"3": "block/3dmodel/gun_details_1",
		"particle": "block/3dmodel/woodx64_1"
	},
	"elements": [
		{
			"name": "butt",
			"from": [7.3, 6.45, 4.45],
			"to": [8.7, 6.85, 5.85],
			"rotation": {"angle": 0, "axis": "y", "origin": [8.25, 8, 8]},
			"faces": {
				"east": {"uv": [0, 0, 1.4, 0.4], "texture": "#0"},
				"west": {"uv": [0, 0, 1.4, 0.4], "texture": "#0"},
				"down": {"uv": [0, 0, 1.4, 1.9], "rotation": 90, "texture": "#0"}
			}
		},
		{
			"name": "butt",
			"from": [7.25, 8, -6.75],
			"to": [8.75, 9.3, 3.65],
			"rotation": {"angle": -22.5, "axis": "x", "origin": [8.25, 8, 8]},
			"faces": {
				"north": {"uv": [0, 0, 2, 1.3], "texture": "#0"},
				"east": {"uv": [0, 0, 10.4, 1.3], "texture": "#0"},
				"south": {"uv": [0, 0, 1.3, 2], "rotation": 90, "texture": "#0"},
				"west": {"uv": [0, 0, 10.4, 1.3], "texture": "#0"},
				"up": {"uv": [0, 0, 10.4, 2], "rotation": 90, "texture": "#0"},
				"down": {"uv": [0, 0, 7.979, 3.48], "rotation": 90, "texture": "#0"}
			}
		},
		{
			"name": "butt",
			"from": [7.26, 3.55646, -6.12471],
			"to": [8.74, 7.33646, -3.32471],
			"rotation": {"angle": 0, "axis": "y", "origin": [8.25, 8.31501, 8.07529]},
			"faces": {
				"north": {"uv": [0, 4, 1.98, 7.78], "texture": "#0"},
				"east": {"uv": [0, 0, 2.8, 3.78], "texture": "#0"},
				"west": {"uv": [0, 0, 2.8, 3.78], "texture": "#0"},
				"up": {"uv": [0, 0, 2.8, 1.98], "rotation": 90, "texture": "#0"}
			}
		},
		{
			"name": "butt",
			"from": [7.27, 4.52, -4.78],
			"to": [8.73, 7.58, -0.92],
			"rotation": {"angle": 0, "axis": "y", "origin": [8.25, 8, 8]},
			"faces": {
				"north": {"uv": [0, 4, 1.96, 7.06], "texture": "#0"},
				"east": {"uv": [0, 0, 3.86, 3.06], "texture": "#0"},
				"west": {"uv": [0, 0, 3.86, 3.06], "texture": "#0"},
				"up": {"uv": [0, 0, 3.86, 1.96], "rotation": 90, "texture": "#0"}
			}
		},
		{
			"name": "butt",
			"from": [7.26, 5.61, -1.89],
			"to": [8.74, 7.79, 0.89],
			"rotation": {"angle": 0, "axis": "y", "origin": [8.25, 8, 8]},
			"faces": {
				"north": {"uv": [0, 4, 1.98, 6.18], "texture": "#0"},
				"east": {"uv": [0, 4, 2.78, 6.18], "texture": "#0"},
				"west": {"uv": [0, 4, 2.78, 6.18], "texture": "#0"},
				"up": {"uv": [0, 0, 2.78, 1.98], "rotation": 90, "texture": "#0"}
			}
		},
		{
			"name": "butt",
			"from": [7.27, 6.1979, -0.00638],
			"to": [8.73, 7.5979, 1.69362],
			"rotation": {"angle": -45, "axis": "x", "origin": [8.25, 6.72389, 1.05992]},
			"faces": {
				"east": {"uv": [0, 4, 1.4, 5.7], "rotation": 270, "texture": "#0"},
				"south": {"uv": [0, 0, 1.4, 1.96], "rotation": 90, "texture": "#0"},
				"west": {"uv": [0, 4, 1.4, 5.7], "rotation": 90, "texture": "#0"}
			}
		},
		{
			"name": "butt",
			"from": [7.26, 7.88, 2.41],
			"to": [8.74, 9.08, 5.89],
			"rotation": {"angle": -22.5, "axis": "x", "origin": [8.25, 8, 8]},
			"faces": {
				"north": {"uv": [0, 0, 1.98, 1.28], "texture": "#0"},
				"east": {"uv": [0, 0, 3.48, 1.2], "texture": "#0"},
				"west": {"uv": [0, 0, 3.48, 1.2], "texture": "#0"},
				"up": {"uv": [0, 0, 3.48, 1.98], "rotation": 90, "texture": "#0"},
				"down": {"uv": [0, 0, 3.48, 1.98], "rotation": 90, "texture": "#0"}
			}
		},
		{
			"name": "butt",
			"from": [7.27, 0.22, 5.1],
			"to": [8.73, 4.02, 6.5],
			"rotation": {"angle": 45, "axis": "x", "origin": [8.25, 8.1, 8]},
			"faces": {
				"north": {"uv": [0, 0, 3.8, 1.96], "rotation": 90, "texture": "#0"},
				"east": {"uv": [0, 0, 3.8, 1.4], "rotation": 90, "texture": "#0"},
				"south": {"uv": [0, 0, 3.8, 1.96], "rotation": 90, "texture": "#0"},
				"west": {"uv": [0, 0, 3.8, 1.4], "rotation": 90, "texture": "#0"},
				"up": {"uv": [0, 0, 1.96, 1.4], "texture": "#0"},
				"down": {"uv": [0, 0, 1.4, 1.96], "rotation": 90, "texture": "#0"}
			}
		},
		{
			"name": "barrel",
			"from": [7.6, 6.4, 11.45],
			"to": [8.4, 7.2, 25.5],
			"faces": {
				"east": {"uv": [0, 3, 13.8, 3.8], "texture": "#2"},
				"south": {"uv": [0, 0, 0.8, 0.8], "texture": "#2"},
				"west": {"uv": [13.8, 3, 0, 3.8], "texture": "#2"},
				"up": {"uv": [0, 0, 13.8, 0.8], "rotation": 270, "texture": "#2"},
				"down": {"uv": [0, 0, 15.8, 1.799], "rotation": 180, "texture": "#2"}
			}
		},
		{
			"name": "barrel",
			"from": [7.2, 6, 23.5],
			"to": [8.8, 8.4, 24.2],
			"faces": {
				"north": {"uv": [0, 0, 1.6, 2.4], "texture": "#1"},
				"east": {"uv": [0, 0, 0.7, 2.4], "texture": "#1"},
				"south": {"uv": [0, 0, 1.6, 2.4], "texture": "#1"},
				"west": {"uv": [0, 0, 0.7, 2.4], "texture": "#1"},
				"up": {"uv": [0, 0, 0.7, 1.6], "rotation": 90, "texture": "#1"},
				"down": {"uv": [0, 0, 0.7, 1.6], "rotation": 90, "texture": "#1"}
			}
		},
		{
			"name": "barrel",
			"from": [7.6, 7.4, 11.65],
			"to": [8.4, 8.2, 28.7],
			"faces": {
				"east": {"uv": [0, 2, 16, 2.799], "texture": "#2"},
				"south": {"uv": [6, 3.25, 7.798, 5.048], "texture": "#3"},
				"west": {"uv": [16, 2, 0, 2.799], "texture": "#2"},
				"up": {"uv": [0, 0, 15.8, 1.799], "rotation": 270, "texture": "#2"},
				"down": {"uv": [0, 0, 0.6, 4.6], "texture": "#2"}
			}
		},
		{
			"name": "body",
			"from": [7, 6.4, 8.9],
			"to": [9, 8.2, 11.7],
			"faces": {
				"east": {"uv": [10.5, 0.75, 13.3, 2.55], "texture": "#2"},
				"south": {"uv": [11.5, 0.75, 14.6, 3.049], "rotation": 180, "texture": "#2"},
				"west": {"uv": [10.5, 0.75, 13.3, 2.55], "texture": "#2"},
				"up": {"uv": [9.5, 0.75, 12.3, 2.75], "rotation": 90, "texture": "#2"},
				"down": {"uv": [9.5, 0.75, 12.3, 2.75], "rotation": 90, "texture": "#2"}
			}
		},
		{
			"name": "body",
			"from": [6.9, 6.85, 8.5],
			"to": [7.3, 7.85, 10.7],
			"faces": {
				"north": {"uv": [0, 0, 3.2, 2.9], "texture": "#1"},
				"south": {"uv": [0, 0, 3.2, 2.9], "texture": "#1"},
				"west": {"uv": [11.7, 14, 15.95, 16], "texture": "#1"},
				"up": {"uv": [0, 0, 3.2, 2.9], "texture": "#1"},
				"down": {"uv": [0, 0, 3.2, 2.9], "texture": "#1"}
			}
		},
		{
			"name": "body",
			"from": [7.4, 6.3, 8.3],
			"to": [8.6, 6.9, 10.5],
			"faces": {
				"north": {"uv": [0, 0, 2.7, 4.2], "texture": "#1"},
				"east": {"uv": [0, 0, 2.7, 4.2], "texture": "#1"},
				"south": {"uv": [0, 0, 2.7, 4.2], "texture": "#1"},
				"west": {"uv": [0, 0, 2.7, 4.2], "texture": "#1"},
				"down": {"uv": [0, 0, 2.7, 4.2], "texture": "#1"}
			}
		},
		{
			"name": "body",
			"from": [7, 6.4, 5.3],
			"to": [9, 8.2, 8.9],
			"faces": {
				"north": {"uv": [0, 0, 2, 1.8], "rotation": 180, "texture": "#2"},
				"east": {"uv": [12, 0.75, 15.599, 2.55], "texture": "#2"},
				"south": {"uv": [0, 0, 7, 7.6], "rotation": 180, "texture": "#2"},
				"west": {"uv": [15.599, 0.75, 12, 2.55], "texture": "#2"},
				"up": {"uv": [9.5, 0.75, 13.1, 2.75], "rotation": 90, "texture": "#2"},
				"down": {"uv": [9.5, 0.75, 13.1, 2.75], "rotation": 90, "texture": "#2"}
			}
		},
		{
			"name": "body",
			"from": [7.3, 8.2, 5.72],
			"to": [8.7, 8.4, 11.72],
			"faces": {
				"north": {"uv": [0, 0, 1.4, 0.2], "rotation": 180, "texture": "#2"},
				"east": {"uv": [0, 0, 6, 0.7], "rotation": 180, "texture": "#2"},
				"south": {"uv": [11.5, 0.75, 12.9, 0.95], "rotation": 180, "texture": "#2"},
				"west": {"uv": [0, 0, 6, 0.2], "rotation": 180, "texture": "#2"},
				"up": {"uv": [4.749, 0, 6.149, 6], "rotation": 180, "texture": "#2"},
				"down": {"uv": [0, 0, 6, 9.799], "rotation": 180, "texture": "#2"}
			}
		},
		{
			"name": "hammer",
			"from": [7.75, 7.8, 5.2],
			"to": [8.25, 9.1, 5.4],
			"rotation": {"angle": -22.5, "axis": "x", "origin": [8, 9.3, 6.3]},
			"faces": {
				"north": {"uv": [0, 0, 3.2, 2.9], "texture": "#1"},
				"east": {"uv": [0, 0, 1.2, 3], "texture": "#1"},
				"south": {"uv": [0, 0, 3.2, 2.9], "texture": "#1"},
				"west": {"uv": [0, 0, 1.2, 3], "texture": "#1"},
				"up": {"uv": [0, 0, 2.5, 2.2], "texture": "#1"}
			}
		},
		{
			"name": "latch",
			"from": [7.15, 6, 16.9],
			"to": [8.85, 7.4, 21.7],
			"faces": {
				"north": {"uv": [0, 0, 1.7, 1.4], "texture": "#0"},
				"east": {"uv": [10, 0, 11.4, 4.8], "rotation": 90, "texture": "#0"},
				"south": {"uv": [0, 0, 1.7, 1.4], "texture": "#0"},
				"west": {"uv": [11.4, 0, 10, 4.8], "rotation": 270, "texture": "#0"},
				"up": {"uv": [10, 0, 11.4, 4.8], "texture": "#0"},
				"down": {"uv": [10, 0, 11.4, 4.8], "rotation": 180, "texture": "#0"}
			}
		},
		{
			"name": "tigger",
			"from": [7.75, 5.8, 6.2],
			"to": [8.25, 7.8, 6.4],
			"faces": {
				"north": {"uv": [0, 0, 3.2, 2.9], "texture": "#1"},
				"east": {"uv": [0, 0, 1.2, 3], "texture": "#1"},
				"south": {"uv": [0, 0, 3.2, 2.9], "texture": "#1"},
				"west": {"uv": [0, 0, 1.2, 3], "texture": "#1"},
				"down": {"uv": [0, 0, 3.2, 2.9], "texture": "#1"}
			}
		},
		{
			"name": "tigger",
			"from": [7.6, 5.3, 6.3],
			"to": [8.4, 5.5, 7.6],
			"rotation": {"angle": 0, "axis": "y", "origin": [8, 8, 8], "rescale": true},
			"faces": {
				"north": {"uv": [0, 0, 1.2, 0.2], "texture": "#1"},
				"east": {"uv": [0, 0, 1.9, 0.2], "texture": "#1"},
				"south": {"uv": [0, 0, 1.2, 0.2], "texture": "#1"},
				"west": {"uv": [0, 0, 1.9, 0.2], "texture": "#1"},
				"up": {"uv": [0, 0, 1.2, 1.9], "texture": "#1"},
				"down": {"uv": [0, 0, 1.2, 1.9], "texture": "#1"}
			}
		},
		{
			"name": "tigger",
			"from": [7.4, 5.5, 5.5],
			"to": [8.6, 7.5, 5.7],
			"faces": {
				"north": {"uv": [0, 0, 1.2, 2], "texture": "#1"},
				"east": {"uv": [0, 0, 0.2, 2], "texture": "#1"},
				"south": {"uv": [0, 0, 1.2, 2], "texture": "#1"},
				"west": {"uv": [0, 0, 0.2, 2], "texture": "#1"},
				"down": {"uv": [0, 0, 1.2, 0.2], "texture": "#1"}
			}
		},
		{
			"name": "tigger",
			"from": [7.4, 5.5, 7.4],
			"to": [8.6, 7.5, 7.6],
			"faces": {
				"north": {"uv": [0, 0, 1.2, 2], "texture": "#1"},
				"east": {"uv": [0, 0, 0.2, 2], "texture": "#1"},
				"south": {"uv": [0, 0, 1.2, 2], "texture": "#1"},
				"west": {"uv": [0, 0, 0.2, 2], "texture": "#1"},
				"down": {"uv": [0, 0, 1.2, 0.2], "texture": "#1"}
			}
		}
	],
	"display": {
		"thirdperson_righthand": {
			"rotation": [180, 0, 180],
			"translation": [-2, 1.6, -3],
			"scale": [0.8, 0.8, 0.6]
		},
		"firstperson_righthand": {
			"rotation": [8, -125, -5],
			"translation": [-6.5, 4.5, 0]
		},
		"ground": {
			"translation": [0, 5, 0],
			"scale": [0.5, 0.5, 0.5]
		},
		"gui": {
			"rotation": [-90, 60, 100],
			"translation": [-1.2, 1.25, 0],
			"scale": [0.15, 0.94, 0.63]
		},
		"fixed": {
			"rotation": [0, 90, 0],
			"translation": [-3.5, 0.5, -1.5],
			"scale": [1.3, 1.45, 1.45]
		}
	}
}